0,
-1.0022793772553655,
-2.003275299462712,
-3.0034761432976893,
-4.004227448013716,
-5.004008722783174,
-6.004292536293571,
-7.004158354301256,
-8.004908228505638,
-9.004470921095718,
-10.004585791180823,
-11.004267073186286,
-12.0047136789219,
-13.004302406823923,
-14.004442167811652,
-15.004206133390204,
-16.00507745803326,
-17.004476357039973,
-18.004460335309545,
-19.004045916085953,
-20.004429579309175,
-21.003886700139848,
-22.00392990159153,
-23.00358443302923,
-24.004157782096602,
-25.003534794275144,
-26.003501320302647,
-27.003072452911432,
-28.00336742441266,
-29.002796793317412,
-30.002790642117336,
-31.002402830410336,
-32.003323507705154,
-33.002473783787934,
-34.0021313193001,
-35.00137672440728,
-36.00135869996055,
-37.00014262201102,
-37.99933381072685,
-38.99783248875528,
-39.99669022520664,
-40.99371476098475,
-41.991624640420035,
-42.98895487653671,
-43.987067745574436,
-44.984154937762604,
-45.98242258816035,
-46.98006195784354,
-47.97854461414154,
-48.97514257134706,
-49.972233912019,
-50.969535824005106,
-51.96776628110007,
-52.964471526678985,
-53.962191291116625,
-54.96005253315598,
-55.9582811305858,
-56.95469269212398,
-57.952339643518876,
-58.9498313844003,
-59.947967713829,
-60.94508222878961,
-61.94286007200004,
-62.9407164502998,
-63.93986458061512,
-64.93620332911054,
-65.93367818995455,
-66.93081545005029,
-67.92866424663833,
-68.9252024084571,
-69.92301301038421,
-70.92050417906097,
-71.91874035820251,
-72.91531127873795,
-73.91272233876256,
-74.91005300403273,
-75.90824712613191,
-76.90496925174824,
-77.90304149425525,
-78.90072048911101,
-79.8992607950283,
-80.89559839911443,
-81.89314335502904,
-82.89037459973987,
-83.88800796127416,
-84.88475111541166,
-85.88270619901493,
-86.87997377872155,
-87.87830608824564,
-88.87503450811322,
-89.87260549933976,
-90.86983059285052,
-91.86802800512648,
-92.86503165543456,
-93.86294611250712,
-94.86080148944872,
-95.85956652874549,
-96.85600183677697,
-97.85308359302087,
-98.85024746063323,
-99.84790442560964,
-100.84486501751721,
-101.84267404588152,
-102.84008496285499,
-103.83842170696518,
-104.83490364967629,
-105.83256462008531,
-106.82988312600651,
-107.82775209280874,
-108.82473843392593,
-109.82276060852534,
-110.82059953458304,
-111.81905157793184,
-112.81560490317403,
-113.81298463499364,
-114.81035177831076,
-115.80824506381096,
-116.80510037006145,
-117.80262916119446,
-118.80016095640195,
-119.79842417221357,
-120.79530622903185,
-121.79283144388575,
-122.79051844960672,
-123.78858826024394,
-124.78562452621753,
-125.78359134001629,
-126.78139378802703,
-127.78085019360186,
-128.77723056998616,
-129.77451131039993,
-130.7716086592208,
-131.76937420003108,
-132.76613738133162,
-133.76374957129354,
-134.76127249732883,
-135.7594517421069,
-136.75602523756328,
-137.75362269325527,
-138.75079614529565,
-139.7486390767859,
-140.74541055505404,
-141.74327480116781,
-142.74088012467388,
-143.73942329161446,
-144.7358514470877,
-145.73316966690658,
-146.73042523031538,
-147.7282594356846,
-148.72520443501526,
-149.7230221895006,
-150.72078730115737,
-151.71877142414706,
-152.71559239811808,
-153.7132872716531,
-154.71059976942536,
-155.70860749585717,
-156.70585261653096,
-157.70378109261765,
-158.70121976151702,
-159.69967738386123,
-160.69606777382702,
-161.69319616475062,
-162.69050007945302,
-163.68850294214522,
-164.68519803109146,
-165.68297358548324,
-166.68042913442008,
-167.67851911527148,
-168.67508488596496,
-169.67260466487465,
-170.6698872649535,
-171.66785035942203,
-172.66493397533108,
-173.66264386923837,
-174.66030340913574,
-175.65890408264445,
-176.65533252422006,
-177.6524815145113,
-178.6497721254554,
-179.64773665043552,
-180.64457293088114,
-181.64245992213012,
-182.63995595454645,
-183.63831201056385,
-184.634847883564,
-185.6324044266229,
-186.62992191671395,
-187.6279436621599,
-188.6252036601548,
-189.62326431551745,
-190.62097091924795,
-191.61988988159777,
-192.61633362964793,
-193.61350178879522,
-194.61055250293643,
-195.60852031809333,
-196.6049895292508,
-197.6026579383204,
-198.6000538349216,
-199.5980615613534,
-200.5948397630262,
-201.59204625988556,
-202.5895155417342,
-203.58751211017517,
-204.58465065773137,
-205.58249244481235,
-206.5801811671473,
-207.5783930275909,
-208.57477569279382,
-209.572381159351,
-210.56959938640588,
-211.56743201821232,
-212.56422395279697,
-213.56188334964315,
-214.55951585287045,
-215.5576032588009,
-216.5546076243648,
-217.55205487633407,
-218.54953545922464,
-219.54749368995354,
-220.54466571148225,
-221.54249820023753,
-222.54005531550115,
-223.53885440097503,
-224.53552302545586,
-225.5328452507073,
-226.53001970410583,
-227.52783760164235,
-228.5246176629803,
-229.52241095571648,
-230.51992229460743,
-231.5180886647807,
-232.51469978269336,
-233.51206907177794,
-234.50929774156782,
-235.50728944626923,
-236.50437735371324,
-237.5019507768095,
-238.49993118046896,
-239.49831384400292,
-240.49484084783086,
-241.4921483388124,
-242.48933437935523,
-243.4871517046871,
-244.48421000054,
-245.482095275175,
-246.47968986984372,
-247.4777157637734,
-248.47445476942718,
-249.47205766106336,
-250.46954511040985,
-251.46766885133613,
-252.46476276692897,
-253.46269596370414,
-254.46050985580797,
-255.46098492872537,
-256.4573487111746,
-257.4545184438847,
-258.45175912997234,
-259.4493934928648,
-260.4461448009187,
-261.44390118645447,
-262.4413072396883,
-263.43949506753626,
-264.43591835926986,
-265.4333923618069,
-266.43084304700415,
-267.4288972650644,
-268.4258853227955,
-269.42340410034706,
-270.4210230137137,
-271.41953714126794,
-272.4159188051127,
-273.4131936804287,
-274.4105987323044,
-275.4084147701758,
-276.40530026022196,
-277.4030075792083,
-278.4004173517725,
-279.39865653498845,
-280.3954630607918,
-281.3929985753296,
-282.3901554334349,
-283.3883597121668,
-284.385176537654,
-285.38321645059784,
-286.3808151937503,
-287.37951099628344,
-288.3760465831812,
-289.37343289535437,
-290.3704539979045,
-291.3684145174521,
-292.3651917177667,
-293.3629648402888,
-294.3603424263409,
-295.3584462831552,
-296.3549622720435,
-297.3526023569825,
-298.3497846781951,
-299.3476433453135,
-300.3446723156777,
-301.34249278813513,
-302.3404282737289,
-303.33859621746495,
-304.3352855843646,
-305.33285500202834,
-306.32989198325777,
-307.3279112968339,
-308.3247821956613,
-309.32249022990345,
-310.3201383257077,
-311.31825763204785,
-312.3150540012185,
-313.3126066818961,
-314.310108436359,
-315.30807353354373,
-316.30520421328595,
-317.30285245214134,
-318.3006344438355,
-319.2996307968653,
-320.29613248063714,
-321.29350634735897,
-322.29062472470105,
-323.28839269738114,
-324.28517304482136,
-325.2829166988035,
-326.280369386717,
-327.2782635305242,
-328.27498737275454,
-329.272316607513,
-330.26965199347165,
-331.2676485619126,
-332.26463261421117,
-333.2623502328814,
-334.25971179720307,
-335.25825310447846,
-336.2549639290528,
-337.2521558346934,
-338.24944716089334,
-339.2473317202725,
-340.244308763064,
-341.2420356800598,
-342.23953814977864,
-343.23763213606264,
-344.23435669354876,
-345.23212438012655,
-346.2294752156109,
-347.22761426301173,
-348.2244308023967,
-349.2224396732378,
-350.2201415562799,
-351.2189872764334,
-352.21534533683604,
-353.2125212207462,
-354.20974631425696,
-355.2077374467537,
-356.20460205132986,
-357.2021912100543,
-358.1996952533359,
-359.1976411816646,
-360.194216393735,
-361.1917767991754,
-362.1893213259365,
-363.1871608241989,
-364.184048889166,
-365.1821182706497,
-366.17964863534553,
-367.17794003223656,
-368.1745882004009,
-369.17198209428574,
-370.16926226249484,
-371.1670617064311,
-372.16415347625656,
-373.1618220283773,
-374.15940060131555,
-375.157899279344,
-376.1547269767197,
-377.152183813117,
-378.1493848740322,
-379.14745954840896,
-380.14457120234624,
-381.1423594882917,
-382.1402542043036,
-383.1403931069843,
-384.1369711800779,
-385.13430728129237,
-386.13152922767745,
-387.1290331279079,
-388.12585968087427,
-389.1234627155617,
-390.1209545994943,
-391.11905187595505,
-392.1156206507231,
-393.11327804485296,
-394.11058968431826,
-395.1085397611308,
-396.1054069406279,
-397.10314015187504,
-398.1008034111027,
-399.09906991709113,
-400.09562195487285,
-401.0929357401056,
-402.09011820436933,
-403.0879293785011,
-404.08498996317263,
-405.08280771765806,
-406.08014338971896,
-407.07835610846956,
-408.07507236898806,
-409.0724552479333,
-410.0700125062481,
-411.06805771208496,
-412.06511629404025,
-413.06282232556606,
-414.0604664159377,
-415.0591483425079,
-416.05561240382343,
-417.05292575990273,
-418.05011008383156,
-419.04825857260926,
-420.04530141893645,
-421.04278872523173,
-422.04032366756485,
-423.0384492681562,
-424.0350276273522,
-425.03260276706254,
-426.0298297202384,
-427.02782342765613,
-428.0246615677668,
-429.0223381307528,
-430.019945313924,
-431.0181787750934,
-432.0149821537712,
-433.01243212371253,
-434.0096320402184,
-435.0073932894938,
-436.0041613345338,
-437.00199611210775,
-437.9998636483984,
-438.99796378588246,
-439.99475114282984,
-440.9923593273591,
-441.9896271931681,
-442.987616752102,
-443.98459522540514,
-444.9825225570825,
-445.98038923506607,
-446.9790534232919,
-447.97573606678674,
-448.97318517842115,
-449.9703822339037,
-450.9681636533933,
-451.9651727396456,
-452.9629417136838,
-453.9606752110333,
-454.95868837340936,
-455.95552265113866,
-456.95296174919156,
-457.9504945457571,
-458.94843360762997,
-459.94547173326873,
-460.9430819205144,
-461.9406989742159,
-462.93912727107136,
-463.9355328244606,
-464.9329001108289,
-465.93047482138576,
-466.92817985155347,
-467.92519494595473,
-468.9227423337391,
-469.9202777052256,
-470.91845294457113,
-471.915144171136,
-472.9126573696921,
-473.91013480545695,
-474.9083679805241,
-475.9055643207507,
-476.903357613487,
-477.9009449125463,
-478.8997259735734,
-479.8963390942024,
-480.89373484775246,
-481.89101802003603,
-482.88876038655764,
-483.8856494528829,
-484.8834323028841,
-485.88110285772115,
-486.8791011427762,
-487.87568708368394,
-488.8732283202681,
-489.87065683253485,
-490.8685914598217,
-491.86543231790455,
-492.8632100180638,
-493.8609053207523,
-494.8595019888284,
-495.8561500139415,
-496.85367465659084,
-497.850817495682,
-498.84850607496566,
-499.8454223210123,
-500.843181281469,
-501.84081264028697,
-502.8390628384427,
-503.8358285946642,
-504.8331834355811,
-505.83057461149394,
-506.82872724875534,
-507.8258393318462,
-508.82381716058455,
-509.8218617942169,
-510.82227349546827,
-511.81863413079196,
-512.815943767541,
-513.81303353465,
-514.8106850636822,
-515.8075440892629,
-516.805295468008,
-517.8029188159608,
-518.8010963441249,
-519.7976545331065,
-520.794982766507,
-521.7922411909391,
-522.7900736796944,
-523.7870203956389,
-524.784684799276,
-525.7823931196205,
-526.7806460357483,
-527.7769653292854,
-528.7743117301835,
-529.7715595688295,
-530.7693552934355,
-531.7663300474084,
-532.7641788439964,
-533.7617296650087,
-534.7597690057479,
-535.756369108721,
-536.7539780085061,
-537.7514587344479,
-538.7495009362102,
-539.7465497906863,
-540.7441596918296,
-541.7419022014025,
-542.7405319142975,
-543.7367613717033,
-544.7342905919899,
-545.7314724840489,
-546.729318705716,
-547.7262784393166,
-548.7237840561609,
-549.7214069749601,
-550.7192589186739,
-551.7160532851283,
-552.7133879558311,
-553.710874976024,
-554.7087755571337,
-555.7059125311271,
-556.7036172751924,
-557.7013909699192,
-558.6997749209136,
-559.6963853235704,
-560.6938796393728,
-561.6911472190795,
-562.6889914380303,
-563.6856265885384,
-564.6833526472274,
-565.6810465194043,
-566.6789375160859,
-567.6758225769786,
-568.6733706800187,
-569.6708514059605,
-570.6686900459159,
-571.6661238510757,
-572.664022429469,
-573.6620378806635,
-574.6606841874939,
-575.6571933099261,
-576.6544917886844,
-577.6517174543998,
-578.6495857059462,
-579.6464790638064,
-580.6439484887062,
-581.6414556791134,
-582.6394003199816,
-583.6361792369102,
-584.6336015979768,
-585.6309282578144,
-586.6289614473535,
-587.6260585100721,
-588.6237729816165,
-589.621380307839,
-590.6195524000589,
-591.616262223275,
-592.6137356536074,
-593.6110152496117,
-594.6087686310731,
-595.605597329807,
-596.6033198122168,
-597.6009214163925,
-598.5990367172999,
-599.5957748646468,
-600.5931696168387,
-601.5906523454967,
-602.5888171421071,
-603.5859343750398,
-604.5835514287413,
-605.5814301230228,
-606.5797788834309,
-607.5765075894006,
-608.573970576998,
-609.571192380332,
-610.568616744115,
-611.5655048090822,
-612.5632258609803,
-613.5605962944741,
-614.5588680933556,
-615.5556663221915,
-616.5531360331936,
-617.5507485092578,
-618.5486875711307,
-619.5457417184998,
-620.5435347251338,
-621.5411068607696,
-622.5393695043765,
-623.5361067934164,
-624.533365790053,
-625.5309259093912,
-626.5286146317262,
-627.5255852372152,
-628.5233679441651,
-629.5208612586094,
-630.5189169071814,
-631.515771498176,
-632.5133889810311,
-633.5110038889651,
-634.5087901721943,
-635.5061132557527,
-636.5034959916468,
-637.5012435080102,
-638.5005080819735,
-639.4972769853207,
-640.4946700208986,
-641.491656505067,
-642.4892814265825,
-643.4864129646317,
-644.4839792351698,
-645.4814819909908,
-646.4795269107256,
-647.4761633486942,
-648.4735249130159,
-649.4708850468261,
-650.4688369833037,
-651.465813883044,
-652.4634771422716,
-653.4611959053511,
-654.4595824312665,
-655.4560952730292,
-656.4531572882125,
-657.4506251395494,
-658.4481989917992,
-659.4450980717061,
-660.4428760579677,
-661.4404074240216,
-662.4386453197772,
-663.4352638763504,
-664.4326762238355,
-665.4302154577036,
-666.4281034503107,
-667.4252028018478,
-668.4230670479616,
-669.4206323171416,
-670.4196939015023,
-671.4162961502429,
-672.4135643021541,
-673.4109052671081,
-674.4082538137739,
-675.4052973753568,
-676.4027650836426,
-677.4005512238206,
-678.3987472055849,
-679.3954823488573,
-680.3928599349094,
-681.3901561248489,
-682.3880389676141,
-683.3852400285291,
-684.3830800989962,
-685.3805675483427,
-686.3789639447886,
-687.3756043881898,
-688.3728520837846,
-689.3703266585263,
-690.3680829010109,
-691.3651512104453,
-692.3628467992361,
-693.3603529882852,
-694.3583795974707,
-695.3552427715354,
-696.3529562417217,
-697.3504765928359,
-698.3482708869303,
-699.3453885490165,
-700.3431944302553,
-701.3408908773531,
-702.3397294449483,
-703.3362338466923,
-704.3335361878319,
-705.3309541143124,
-706.3287216578391,
-707.3254686743579,
-708.323200884247,
-709.3207987690924,
-710.3190000437498,
-711.3158411879351,
-712.3130492583572,
-713.3106040848022,
-714.3084628949717,
-715.3055053121454,
-716.3031622771218,
-717.3010157943983,
-718.2991910337437,
-719.2958603734804,
-720.2931090704333,
-721.2902214396265,
-722.2880793914888,
-723.284920392623,
-724.2826372960374,
-725.280118737235,
-726.2782263133796,
-727.2752100795758,
-728.2726993885874,
-729.2699709737266,
-730.2679465136465,
-731.2651291209614,
-732.2629444435769,
-733.2607082677731,
-734.2592341255229,
-735.2558841533523,
-736.2534741703838,
-737.250703269327,
-738.2483887014853,
-739.2451453024323,
-740.2428584865163,
-741.240507869781,
-742.2384630964353,
-743.2354018015149,
-744.2328885356055,
-745.2300524032179,
-746.2279436860017,
-747.2248563557691,
-748.2229753760071,
-749.2206402087975,
-750.2189778112147,
-751.2154222745207,
-752.2129441991978,
-753.210260130198,
-754.2081734428613,
-755.2050058609254,
-756.2026845696789,
-757.2000673055728,
-758.1981172320983,
-759.19493706166,
-760.1924840202909,
-761.1899083840739,
-762.1879716143574,
-763.1852502090037,
-764.1829672554692,
-765.1807275033865,
-766.1814667918047,
-767.1779561731763,
-768.1752658099253,
-769.1724737372963,
-770.1701432907753,
-771.1669395168947,
-772.1646393972205,
-773.1620561792918,
-774.1602435779862,
-775.1568923183552,
-776.1543377106592,
-777.151711577381,
-778.1495022951963,
-779.1464932139507,
-780.1442338638585,
-781.1418450524621,
-782.1399543452209,
-783.1366757555813,
-784.1342855136735,
-785.131434647016,
-786.1292365228219,
-787.1262001188039,
-788.1239792494749,
-789.1214522506538,
-790.1196582459996,
-791.1164560456818,
-792.1139284746562,
-793.111320651927,
-794.1090417038253,
-795.106146777409,
-796.1040643816071,
-797.1018058898217,
-798.1003411889483,
-799.0971274014863,
-800.0943846815092,
-801.0915695776425,
-802.0893354045552,
-803.0863007171513,
-804.0839724163976,
-805.08132668511,
-806.0793927764169,
-807.0762559504814,
-808.0735950557703,
-809.0709611977293,
-810.0688378892944,
-811.0658406812954,
-812.0635741786449,
-813.061096103322,
-814.059434420995,
-815.0563430853299,
-816.053699785912,
-817.0511112750902,
-818.0487344799917,
-819.0457139546531,
-820.0433995298624,
-821.040848927599,
-822.0391142891782,
-823.0360771699044,
-824.0333406011273,
-825.0309719599452,
-826.02901444781,
-827.02609448744,
-828.0238231210498,
-829.021419003179,
-830.02018947842,
-831.0168299218213,
-832.0141767518732,
-833.0113298906481,
-834.0091134559051,
-835.0059471614298,
-836.0035594944428,
-837.0010526658359,
-837.9989674090108,
-838.9959091181646,
-839.9933283321058,
-840.9905720222679,
-841.9885449872667,
-842.9854836923461,
-843.9834692458473,
-844.9807840324382,
-845.979187438391,
-846.9759310216822,
-847.9730109182609,
-848.9704000914575,
-849.9682028255705,
-850.9653134781496,
-851.9627294019137,
-852.9603282881175,
-853.9581328818957,
-854.9552061981209,
-855.9528685990415,
-856.9502107084048,
-857.9480277476345,
-858.9452063495168,
-859.9429152420659,
-860.9407594610166,
-861.9392351078075,
-862.9359842700939,
-863.9333793083882,
-864.9304876721487,
-865.9283284578714,
-866.9252554327553,
-867.9228510287822,
-868.9203706646407,
-869.9184523485246,
-870.915393628525,
-871.9128958121413,
-872.910426033786,
-873.9081327805678,
-874.9052932149522,
-875.9028242949038,
-876.9003659606416,
-877.898917567601,
-878.8956518525663,
-879.8929808012225,
-880.8903761256189,
-881.8883566723295,
-882.8851161342998,
-883.8828872541055,
-884.8805621004775,
-885.8783728454557,
-886.8752749294371,
-887.873033174638,
-888.8704020345691,
-889.8685613952352,
-890.8659401256966,
-891.863749154061,
-892.861316282906,
-893.8619006469132,
-894.8588263343366,
-895.8559574432322,
-896.8533663574893,
-897.8508549512452,
-898.8477527436916,
-899.8453308874764,
-900.8428256324322,
-901.8407719899144,
-902.8376042649274,
-903.8350332063476,
-904.832312659301,
-905.830028561357,
-906.8270509513677,
-907.8246808796741,
-908.8222467210587,
-909.8206232333927,
-910.8173892757164,
-911.8144909160723,
-912.8119510426463,
-913.8096374761626,
-914.8066711672153,
-915.8041435961894,
-916.8019484760699,
-917.8000835180383,
-918.7967973466871,
-919.7940889589893,
-920.7913356532258,
-921.7895997273445,
-922.7865630372241,
-923.7844022493841,
-924.7820225932626,
-925.7805495954215,
-926.777398035216,
-927.7747488707005,
-928.7719153132339,
-929.7696897232162,
-930.7667172630688,
-931.7644024091246,
-932.7617891504512,
-933.7596063327321,
-934.7564582057545,
-935.7539181892774,
-936.7510780514573,
-937.749021547916,
-938.7461024458531,
-939.7440523796145,
-940.741730373112,
-941.739821784475,
-942.736490695058,
-943.7339997451306,
-944.7313006557584,
-945.7291477357326,
-946.726291719233,
-947.7240804343318,
-948.7216624404981,
-949.7196366929574,
-950.7165575166415,
-951.7140163557549,
-952.7114530219378,
-953.7095022332074,
-954.7064613946035,
-955.7041614179805,
-956.7019545676654,
-957.7006580949613,
-958.6974304315364,
-959.6946226232794,
-960.6919498553218,
-961.6895782100651,
-962.6866402252483,
-963.6842559914894,
-964.6815494634568,
-965.6795999621869,
-966.6764966102238,
-967.6738895027505,
-968.671304711259,
-969.6690745436041,
-970.6662511427702,
-971.6638800697184,
-972.6615064217455,
-973.6598095488321,
-974.6564720221129,
-975.6539856498225,
-976.6511858524307,
-977.6489817200876,
-978.6460450227315,
-979.6435331873337,
-980.6411107589139,
-981.6391898678768,
-982.6360488934573,
-983.6335959951396,
-984.6309498346985,
-985.6288145099659,
-986.6258745224327,
-987.6236762551874,
-988.6214156176347,
-989.6198334717551,
-990.6167179604435,
-991.6140287416016,
-992.6112007631302,
-993.6087232600121,
-994.605825901726,
-995.6035342220706,
-996.6010522843661,
-997.5989411352801,
-998.5957596773815,
-999.593246268421,
-1000.5906656254133,
-1001.5883975491997,
-1002.5855824453332,
-1003.5834947566385,
-1004.5812022186759,
-1005.5795808767774,
-1006.5762660951932,
-1007.5736226527241,
-1008.5711109603776,
-1009.5688137017268,
-1010.5659067590127,
-1011.563368173047,
-1012.5610516024889,
-1013.5589946697944,
-1014.5558177895329,
-1015.5535090867888,
-1016.5509313048042,
-1017.5486008582831,
-1018.5459804470516,
-1019.5437598638247,
-1020.5416029383664,
-1021.5404765534968,
-1022.537146465438,
-1023.5344196241404,
-1024.5316666044791,
-1025.5294397270013,
-1026.5266251953394,
-1027.5244468122062,
-1028.5218601610495,
-1029.5199013614535,
-1030.5166486640749,
-1031.513986911057,
-1032.511441172533,
-1033.5089110265865,
-1034.5059678919276,
-1035.5034164313574,
-1036.5012288929497,
-1037.499517857971,
-1038.4964474077758,
-1039.4936810843565,
-1040.490853535039,
-1041.4886009083511,
-1042.4857991082426,
-1043.4834127287165,
-1044.4809413767985,
-1045.4788652752477,
-1046.475515160026,
-1047.473277839813,
-1048.4706745947212,
-1049.4686348281664,
-1050.46586764644,
-1051.4633589581679,
-1052.4607796026205,
-1053.4594568085024,
-1054.4560260124238,
-1055.4535625283197,
-1056.450670749029,
-1057.4483287153637,
-1058.445403032947,
-1059.4432003311158,
-1060.4408678818784,
-1061.4387975023742,
-1062.4358237547663,
-1063.4332219401863,
-1064.4304488933622,
-1065.4284614835337,
-1066.425643661695,
-1067.4234502581894,
-1068.421048143035,
-1069.4191305421746,
-1070.4159529466574,
-1071.4134355322642,
-1072.4107185614964,
-1073.4085451851543,
-1074.4054445511633,
-1075.4030462983903,
-1076.400691676222,
-1077.3985776661132,
-1078.3958309407035,
-1079.3934903375496,
-1080.3912362803503,
-1081.3888471828518,
-1082.3858482582389,
-1083.3834655980427,
-1084.3815212466145,
-1085.3799628472284,
-1086.3766037197834,
-1087.3740369527382,
-1088.3712287153278,
-1089.3687751017542,
-1090.365848274928,
-1091.3633567527957,
-1092.3606766892285,
-1093.358681411586,
-1094.3556448645168,
-1095.3530912581791,
-1096.3505470932182,
-1097.3481595692824,
-1098.3453383142162,
-1099.3431663683853,
-1100.3407025981787,
-1101.3389224694874,
-1102.33565890022,
-1103.3330399195004,
-1104.330263296397,
-1105.3282776031826,
-1106.324999728799,
-1107.3226003316163,
-1108.3202827597001,
-1109.3183555744117,
-1110.3153469223198,
-1111.3130632535294,
-1112.310367454334,
-1113.3082678923927,
-1114.305383122609,
-1115.3030794266558,
-1116.3008026243215,
-1117.2994929909103,
-1118.2961968059776,
-1119.2934569470235,
-1120.2907228101162,
-1121.2885953531975,
-1122.285690699302,
-1123.283383713172,
-1124.2807504273355,
-1125.278885469304,
-1126.275644931274,
-1127.2732336608449,
-1128.2704922283283,
-1129.2683064065345,
-1130.2654904443611,
-1131.2632820204833,
-1132.2608666015703,
-1133.2592176507972,
-1134.2560278959309,
-1135.2534066263922,
-1136.2506875098572,
-1137.248390966462,
-1138.2455029065018,
-1139.243247561842,
-1140.2407222796348,
-1141.238824276784,
-1142.235933069698,
-1143.2333797494628,
-1144.2309513128937,
-1145.2288434539848,
-1146.2260468037184,
-1147.2237702874863,
-1148.2213716055599,
-1149.220980503676,
-1150.217691185199,
-1151.2151421564986,
-1152.2124343410055,
-1153.20996942639,
-1154.207171488663,
-1155.2045749669762,
-1156.2019622805074,
-1157.1998156547327,
-1158.196755218119,
-1159.1942227833538,
-1160.1915480126797,
-1161.1893058287271,
-1162.186318205156,
-1163.1840670089803,
-1164.1813919522037,
-1165.1795269941722,
-1166.1762528391187,
-1167.173675915441,
-1168.1710197414184,
-1169.1687144719021,
-1170.1659521539157,
-1171.1635906652916,
-1172.1610918475499,
-1173.159232754616,
-1174.1560907788385,
-1175.1535175744912,
-1176.1510004462004,
-1177.148771422955,
-1178.145988791703,
-1179.14386448191,
-1180.1413081576,
-1181.139696829283,
-1182.1365155144354,
-1183.1340746324151,
-1184.131316605963,
-1185.1291244899182,
-1186.1262397201347,
-1187.1237743763654,
-1188.1211676980458,
-1189.1191668414076,
-1190.116114987864,
-1191.1134701148833,
-1192.1108349693816,
-1193.1086362729832,
-1194.1058350450796,
-1195.1033967379803,
-1196.1010482670126,
-1197.099313199438,
-1198.0960593576501,
-1199.093559252448,
-1200.090798651075,
-1201.088661895831,
-1202.0857297761117,
-1203.083359418316,
-1204.0810098029385,
-1205.0789133881226,
-1206.0763582082222,
-1207.073531231109,
-1208.071007522465,
-1209.06885474549,
-1210.0659302074826,
-1211.0637973146197,
-1212.0617030455712,
-1213.060258371861,
-1214.0572418519546,
-1215.0545127218381,
-1216.051850110513,
-1217.0494527160467,
-1218.0465230281977,
-1219.044105177415,
-1220.0415590097377,
-1221.0393751906604,
-1222.0365489288029,
-1223.0339468281206,
-1224.0312649048883,
-1225.0291385923788,
-1226.026179579041,
-1227.0237621574117,
-1228.0214872147426,
-1229.0197688841545,
-1230.0165423651385,
-1231.0137319819607,
-1232.0110241664677,
-1233.0090331803601,
-1234.0062667138893,
-1235.0037275557193,
-1236.0012400390196,
-1236.9992131470694,
-1237.9960562939712,
-1238.9934865228518,
-1239.9907644022421,
-1240.9885561214155,
-1241.9857600433538,
-1242.9836304406679,
-1243.981227324155,
-1244.9797218536996,
-1245.9767818661667,
-1246.9740710465992,
-1247.9711397851872,
-1248.9689433776073,
-1249.9662377078816,
-1250.9639551835007,
-1251.9614123060003,
-1252.9593030165795,
-1253.9563059516317,
-1254.953725451675,
-1255.951381272242,
-1256.9489536939802,
-1257.9459483320652,
-1258.943557804055,
-1259.9412925888648,
-1260.9397284674321,
-1261.9365238352445,
-1262.9340879600154,
-1263.931565252729,
-1264.9293991719958,
-1265.926164356013,
-1266.9238267569335,
-1267.9214754249424,
-1268.9195798539615,
-1269.9167814870812,
-1270.9140700953092,
-1271.911558832116,
-1272.9095430981567,
-1273.9063301690019,
-1274.9042137270228,
-1275.9017765643332,
-1276.9020605208946,
-1277.898894798624,
-1278.8959204788111,
-1279.8931637398198,
-1280.8909983743429,
-1281.8878505334676,
-1282.8857123477117,
-1283.8829923728697,
-1284.8807692147218,
-1285.8777100655686,
-1286.874929580084,
-1287.8723393526484,
-1288.8701458060914,
-1289.867256601722,
-1290.8649903851738,
-1291.8626513555826,
-1292.860494287073,
-1293.8576208183313,
-1294.8549451893502,
-1295.8524429383806,
-1296.850342661183,
-1297.847542434638,
-1298.8450223022726,
-1299.842311482705,
-1300.8403468180115,
-1301.8372936770072,
-1302.8346732657758,
-1303.8322966137284,
-1304.8301123654976,
-1305.8274142774837,
-1306.8249879866823,
-1307.8225734260768,
-1308.8211327577988,
-1309.8179553053326,
-1310.815491535126,
-1311.8128187671684,
-1312.8105371010945,
-1313.807669783553,
-1314.8051276213082,
-1315.8025299552119,
-1316.8004301071678,
-1317.7973097321167,
-1318.7948662751755,
-1319.7921464433844,
-1320.78999981761,
-1321.786988876699,
-1322.7847076397786,
-1323.782498500645,
-1324.7803309894,
-1325.7771546813435,
-1326.7745568721957,
-1327.7717743839949,
-1328.769745775431,
-1329.76697315776,
-1330.7644096808924,
-1331.7620451881937,
-1332.760219998386,
-1333.7572119184986,
-1334.7545650428015,
-1335.7520018520358,
-1336.7497342049758,
-1337.746685641609,
-1338.7447332793156,
-1339.7422673633416,
-1340.74090236913,
-1341.737695734226,
-1342.735260002048,
-1343.732553903169,
-1344.7302809632158,
-1345.7273893269764,
-1346.7248820692162,
-1347.7224048522003,
-1348.7202655220349,
-1349.7170903583872,
-1350.714591111492,
-1351.7119923009864,
-1352.7095828902225,
-1353.7067390330717,
-1354.7042559509582,
-1355.702079141388,
-1356.7000440955214,
-1357.6970827933649,
-1358.6943854206067,
-1359.6918525566878,
-1360.689863001092,
-1361.6867586477708,
-1362.6844742637247,
-1363.6818218090323,
-1364.6795786237212,
-1365.6767638059575,
-1366.6743563979098,
-1367.6716666068635,
-1368.669328149477,
-1369.6665644009786,
-1370.6645734148708,
-1371.6623302295602,
-1372.6609828306418,
-1373.6576382944152,
-1374.6549012964845,
-1375.6523680034122,
-1376.6499578773924,
-1377.647041779404,
-1378.6447769933675,
-1379.6424153616922,
-1380.6403624344305,
-1381.6373519226734,
-1382.6345783036445,
-1383.6320952215308,
-1384.6300254142313,
-1385.626964977618,
-1386.6246436863714,
-1387.6221461560901,
-1388.620248868495,
-1389.6172023078443,
-1390.6147042053585,
-1391.6120433106476,
-1392.6099491846503,
-1393.6072008856775,
-1394.604782319639,
-1395.6022554638691,
-1396.6002300024306,
-1397.5971805807567,
-1398.5947584384392,
-1399.5923420181682,
-1400.5901909578074,
-1401.587514184417,
-1402.5852257949384,
-1403.582699654424,
-1404.5832974652405,
-1405.580392668294,
-1406.577601310921,
-1407.5748264044319,
-1408.5726517406288,
-1409.5696004592894,
-1410.5671913346282,
-1411.564600105834,
-1412.5624075606356,
-1413.5593790244316,
-1414.55663701971,
-1415.5539407913614,
-1416.551704043353,
-1417.5487079797638,
-1418.5464077170382,
-1419.5439578227945,
-1420.5420947244281,
-1421.5391568826624,
-1422.5364180250667,
-1423.5337401072668,
-1424.5314653076487,
-1425.5284752522082,
-1426.5260629804209,
-1427.5234773306224,
-1428.521338000457,
-1429.5183656833606,
-1430.515959991927,
-1431.5132561818666,
-1432.511108697785,
-1433.5084415088227,
-1434.5060412533333,
-1435.5035597447825,
-1436.5021087768207,
-1437.4991313098826,
-1438.4963277931604,
-1439.49355889482,
-1440.4914172758363,
-1441.4884970293638,
-1442.485958014245,
-1443.4834411720562,
-1444.4814961053723,
-1445.4784526918475,
-1446.475781926606,
-1447.4734044162517,
-1448.4712225998906,
-1449.4683349690836,
-1450.465877207026,
-1451.4633320407072,
-1452.461427743605,
-1453.458542544668,
-1454.4558325834073,
-1455.453182560585,
-1456.4509259284646,
-1457.4480032501226,
-1458.4457623536302,
-1459.4433588079642,
-1460.44131417767,
-1461.4382494495212,
-1462.435717873063,
-1463.433250097424,
-1464.4310349501413,
-1465.4281948123212,
-1466.4258108646645,
-1467.4234150437612,
-1468.4220450427586,
-1469.418911793102,
-1470.4163886566625,
-1471.4135007397533,
-1472.4112449659403,
-1473.40837535958,
-1474.4059100158106,
-1475.4036360744997,
-1476.4013062001832,
-1477.3981802461362,
-1478.3956473822175,
-1479.3930189601206,
-1480.3908142555733,
-1481.3877662644109,
-1482.3855607015564,
-1483.3831356982155,
-1484.3812339760343,
-1485.3782778237198,
-1486.3756257981809,
-1487.3730221239355,
-1488.3707005465867,
-1489.3678099117053,
-1490.3653708893503,
-1491.3630015329122,
-1492.3608682108961,
-1493.357764715882,
-1494.3552345699352,
-1495.3526615086391,
-1496.3504686773383,
-1497.3477202353147,
-1498.345405095268,
-1499.3428230217485,
-1500.3412315775433,
-1501.338262836726,
-1502.335821954706,
-1503.3330695072495,
-1504.3304611123158,
-1505.3276505860867,
-1506.3251673609218,
-1507.3226094630493,
-1508.3205292130147,
-1509.3174900910246,
-1510.315089406382,
-1511.3124908819784,
-1512.310353125376,
-1513.3075258621604,
-1514.305297697222,
-1515.3028146151084,
-1516.3010034443143,
-1517.298230826644,
-1518.2954297417914,
-1519.2927286497031,
-1520.2904132235544,
-1521.2875311717428,
-1522.2851928574078,
-1523.282753978104,
-1524.280699477279,
-1525.2778649184543,
-1526.27537439768,
-1527.2727896061886,
-1528.2703924978248,
-1529.2676793894386,
-1530.2653316337266,
-1531.2629222229625,
-1532.2621408775021,
-1533.258965284701,
-1534.2563953705305,
-1535.2535163227935,
-1536.2511894525514,
-1537.2484510241093,
-1538.245977812526,
-1539.2435017399193,
-1540.2415522386495,
-1541.2384408758212,
-1542.2357499403654,
-1543.2331070701011,
-1544.2307989395617,
-1545.2280379090355,
-1546.2254119188085,
-1547.2229617384626,
-1548.2212155128975,
-1549.2181879780517,
-1550.2157704133715,
-1551.2129352823417,
-1552.2105490458664,
-1553.2077380904839,
-1554.2052847630123,
-1555.202573943445,
-1556.2006506205382,
-1557.1974552866764,
-1558.1949797862744,
-1559.1922977199908,
-1560.190082143555,
-1561.1874417051604,
-1562.185039017801,
-1563.182921431413,
-1564.1812561728066,
-1565.178225061682,
-1566.1755046576864,
-1567.1728496280728,
-1568.1707377637313,
-1569.167689057313,
-1570.1653434473687,
-1571.1628301814592,
-1572.160666675647,
-1573.1575381466791,
-1574.1549217408801,
-1575.1522026243454,
-1576.1498541533774,
-1577.1470885452136,
-1578.1449000054479,
-1579.1425317934193,
-1580.1405197787906,
-1581.137789790367,
-1582.1352244538334,
-1583.1326250711234,
-1584.1302977717278,
-1585.1273263129385,
-1586.1247343688888,
-1587.1220397141028,
-1588.119870486244,
-1589.117270531329,
-1590.1147069114097,
-1591.112107242597,
-1592.1097729336943,
-1593.1070749887317,
-1594.1047462588247,
-1595.1023251178651,
-1596.1010237814216,
-1597.0980002520084,
-1598.0952304953612,
-1599.092518388333,
-1600.0904597390247,
-1601.08740287869,
-1602.0849070650227,
-1603.082528124157,
-1604.0801624870492,
-1605.0772933098428,
-1606.074479636488,
-1607.0716995801567,
-1608.0693887316452,
-1609.0665956576581,
-1610.0642584877323,
-1611.0618154599447,
-1612.0597808432317,
-1613.0568753310295,
-1614.0542732303468,
-1615.0517317833583,
-1616.049548250383,
-1617.0467382963584,
-1618.0442198806072,
-1619.0416027595522,
-1620.039382605479,
-1621.0366929574839,
-1622.0341200392388,
-1623.0313701667035,
-1624.0292078053005,
-1625.0265911133995,
-1626.0238861589296,
-1627.0214195276997,
-1628.0199263596446,
-1629.0170649072008,
-1630.014218904283,
-1631.0114560140914,
-1632.00898180115,
-1633.0062061794051,
-1634.0036967758772,
-1635.0013756276817,
-1635.9991242884546,
-1636.9961677069864,
-1637.993726395813,
-1638.991205977345,
-1639.9890931116454,
-1640.9865201934003,
-1641.9841050605899,
-1642.9815613247827,
-1643.9794633364036,
-1644.9766170473833,
-1645.9741329639116,
-1646.9715583290526,
-1647.9690926991811,
-1648.966389032172,
-1649.9640298323668,
-1650.9613810970045,
-1651.9591366242332,
-1652.9562804646828,
-1653.9538021032574,
-1654.9511450709279,
-1655.948756688685,
-1656.9462171013613,
-1657.9438573293517,
-1658.9414061476475,
-1659.9412387777852,
-1660.9380885050402,
-1661.9355437678746,
-1662.9331721226183,
-1663.9308672822553,
-1664.9277533445065,
-1665.9252510935369,
-1666.9226007846116,
-1667.920343580287,
-1668.9176120183004,
-1669.9150714296188,
-1670.9124660387595,
-1671.9099933993807,
-1672.9072096237194,
-1673.9047614460899,
-1674.902215421464,
-1675.9002265811237,
-1676.897324359098,
-1677.8947005146385,
-1678.8921087136398,
-1679.889938627474,
-1680.8870110853925,
-1681.884624705866,
-1682.8821148731845,
-1683.880135474221,
-1684.877134403841,
-1685.87473886904,
-1686.8720658149796,
-1687.8695140683074,
-1688.8666569073982,
-1689.8645772295688,
-1690.8623052909738,
-1691.860529024664,
-1692.8576825925927,
-1693.8549155539172,
-1694.852292567765,
-1695.849585038374,
-1696.8467722233263,
-1697.8444217496422,
-1698.8419285108957,
-1699.8395891952025,
-1700.8368916793931,
-1701.834257678301,
-1702.8317345418614,
-1703.829464892085,
-1704.8268265994582,
-1705.8241811542725,
-1706.8216857697587,
-1707.8198120856061,
-1708.8166445036702,
-1709.8140931861512,
-1710.8118253960401,
-1711.809550596422,
-1712.806294179713,
-1713.8039160971541,
-1714.8015182735346,
-1715.7992503403725,
-1716.7964386697338,
-1717.7941042177802,
-1718.7914690722787,
-1719.7892749535174,
-1720.7865107758655,
-1721.7839996557234,
-1722.7816019751551,
-1723.7802920556417,
-1724.7772773954007,
-1725.7746137827176,
-1726.7718463148885,
-1727.7695284568701,
-1728.766569443532,
-1729.7641819195965,
-1730.7617324545063,
-1731.7596021365644,
-1732.7566637225943,
-1733.7540786450004,
-1734.7515480699,
-1735.7492400824117,
-1736.7465512927233,
-1737.7438926868313,
-1738.7416540791576,
-1739.7397237467437,
-1740.736810938932,
-1741.734182516835,
-1742.7316802658654,
-1743.729027811173,
-1744.7263162763497,
-1745.724021020415,
-1746.7215149070637,
-1747.7191901825893,
-1748.7163669248064,
-1749.7139238970192,
-1750.7113039149408,
-1751.7091781746362,
-1752.7065174229763,
-1753.70398613262,
-1754.7014690043295,
-1755.6996551155632,
-1756.6966300125873,
-1757.6939661138017,
-1758.6913322557607,
-1759.6891121016877,
-1760.6864775283907,
-1761.6839686970673,
-1762.6816064931877,
-1763.6794404124546,
-1764.6765612216666,
-1765.673899897802,
-1766.671091660391,
-1767.6686543546505,
-1768.6659821588971,
-1769.6635411338261,
-1770.661008126856,
-1771.6593741964548,
-1772.6564807005502,
-1773.653814655997,
-1774.6512191356683,
-1775.648698001945,
-1776.6459778840515,
-1777.6434809259752,
-1778.6411494780957,
-1779.6387997196675,
-1780.636097769272,
-1781.633490089594,
-1782.6311653651196,
-1783.628823188403,
-1784.6262199433113,
-1785.6237550286953,
-1786.6215785052273,
-1787.6215639140087,
-1788.6186292193686,
-1789.6160292644538,
-1790.6132268921408,
-1791.6109213365223,
-1792.6081475744425,
-1793.605763912888,
-1794.6033052925236,
-1795.6008636952477,
-1796.5979982373713,
-1797.5954603666617,
-1798.5928604117466,
-1799.5906230915336,
-1800.5877346024197,
-1801.5852283460174,
-1802.5829110602035,
-1803.580675885758,
-1804.5779509041251,
-1805.5753344983261,
-1806.572748562425,
-1807.5703528845731,
-1808.5677914104213,
-1809.5653244930893,
-1810.5626799062109,
-1811.5605603171061,
-1812.5577894160497,
-1813.555148977655,
-1814.552421993306,
-1815.5501152932782,
-1816.5471795972799,
-1817.5449833327514,
-1818.5425481727777,
-1819.5408490110456,
-1820.5378530905073,
-1821.535206071759,
-1822.5323703685249,
-1823.529889861332,
-1824.5274628552752,
-1825.5250374227808,
-1826.5222987082361,
-1827.520163955708,
-1828.5173767468186,
-1829.514696254098,
-1830.5120226278332,
-1831.5096956145399,
-1832.5069340118093,
-1833.5045120125428,
-1834.5019898774613,
-1835.5001312136808,
-1836.4970886584626,
-1837.494669091066,
-1838.4919671406706,
-1839.4896130907075,
-1840.4867585047195,
-1841.484233079461,
-1842.481633696751,
-1843.479481635032,
-1844.4767207475568,
-1845.4741608469678,
-1846.4715880717738,
-1847.469394954371,
-1848.4667493661343,
-1849.4642041998154,
-1850.4618932082526,
-1851.4603393865036,
-1852.4574437448316,
-1853.454631072835,
-1854.45217116501,
-1855.4498943626754,
-1856.4473019894722,
-1857.444764547916,
-1858.442246275216,
-1859.439881353364,
-1860.4371064468746,
-1861.4346994679809,
-1862.4320611753537,
-1863.4295604979466,
-1864.426841095309,
-1865.4243407040044,
-1866.421794107174,
-1867.419821717718,
-1868.4171752711738,
-1869.4144866245372,
-1870.4117115749964,
-1871.4094342004578,
-1872.4065997846842,
-1873.4039713625873,
-1874.4015636684371,
-1875.3995118855844,
-1876.3967006440996,
-1877.3938105814232,
-1878.3912369479222,
-1879.3889502750574,
-1880.3864264233619,
-1881.3841490488228,
-1882.381644652086,
-1883.37979643104,
-1884.3768555852002,
-1885.374342605393,
-1886.371404191423,
-1887.3691391192838,
-1888.3664162834184,
-1889.3636762814133,
-1890.3613581372922,
-1891.3594195079113,
-1892.3563589282464,
-1893.3539173309703,
-1894.351354426307,
-1895.3489241300726,
-1896.3462168867845,
-1897.3437077693588,
-1898.3412498642501,
-1899.3393804716325,
-1900.3366939707628,
-1901.3340409438658,
-1902.3314047970064,
-1903.3290219937587,
-1904.3262395055574,
-1905.323872008785,
-1906.3214697505796,
-1907.3192231320406,
-1908.316230358628,
-1909.3136389867825,
-1910.3109627855968,
-1911.308886111842,
-1912.3062622673824,
-1913.30375357911,
-1914.301412975956,
-1915.3020412566707,
-1916.2991430400778,
-1917.296506750167,
-1918.2939557187503,
-1919.291381799147,
-1920.288698302352,
-1921.2864282234223,
-1922.2838993649361,
-1923.2815367319029,
-1924.2788084600934,
-1925.2761688800058,
-1926.2735301582252,
-1927.2710781182143,
-1928.2685100637088,
-1929.2659710485898,
-1930.2636491851385,
-1931.261523444834,
-1932.2586737225859,
-1933.256141860025,
-1934.2533331934608,
-1935.2511920036302,
-1936.2484288273367,
-1937.2458928162923,
-1938.243477111277,
-1939.2412370730917,
-1940.2383766220062,
-1941.2356516403736,
-1942.2333034555081,
-1943.2310742892112,
-1944.2284534488263,
-1945.2259675056891,
-1946.2233787087655,
-1947.2218743827193,
-1948.2189176581999,
-1949.2163064022425,
-1950.2137599484631,
-1951.211300755894,
-1952.2084631929947,
-1953.2060088641651,
-1954.2035212044143,
-1955.2010941983567,
-1956.198182678006,
-1957.195510482253,
-1958.193003081441,
-1959.1904805172057,
-1960.1876925930605,
-1961.1852956277485,
-1962.1826795080517,
-1963.1806464649017,
-1964.1778821441985,
-1965.1752548665108,
-1966.1726687875591,
-1967.1703670943218,
-1968.167583747814,
-1969.165143294947,
-1970.162810130454,
-1971.160705418671,
-1972.1579548308796,
-1973.1552188343067,
-1974.1527068558578,
-1975.1502632558656,
-1976.1476804670906,
-1977.1451430255343,
-1978.1426709583604,
-1979.1412498880918,
-1980.1384470866258,
-1981.1358831806044,
-1982.13304132617,
-1983.1306603825878,
-1984.12795814609,
-1985.125361624403,
-1986.1229442027743,
-1987.1207563782639,
-1988.1179542920534,
-1989.1155158419028,
-1990.112768973442,
-1991.1104127777114,
-1992.1077643284516,
-1993.1052360421697,
-1994.1024318101918,
-1995.1004508376654,
-1996.097734582154,
-1997.0949289196644,
-1998.0926837316374,
-1999.0902232516073,
-2000.0874051436667,
-2001.0850821358065,
-2002.0824136593835,
-2003.0803377008838,
-2004.077678093633,
-2005.075123199835,
-2006.0724528637472,
-2007.0700908029187,
-2008.0673748335091,
-2009.064831383804,
-2010.0623989418023,
-2011.0606052232508,
-2012.0576688119968,
-2013.0550386732862,
-2014.0523149791136,
-2015.0498818218564,
-2016.0474565324134,
-2017.0450302416123,
-2018.0425106814514,
-2019.0403371620578,
-2020.0377782628268,
-2021.0352039140705,
-2022.032739142506,
-2023.0304473197991,
-2024.027876118168,
-2025.0251904756055,
-2026.0227566030928,
-2027.0208232666043,
-2028.0177616855813,
-2029.0151736039127,
-2030.0127490297252,
-2031.0103298914826,
-2032.0075501212539,
-2033.0050201183578,
-2034.0025560620493,
-2035.0003091574079,
-2035.9976901766884,
-2036.9952062362677,
-2037.9925469151194,
-2038.9901023137688,
-2039.9875282511146,
-2040.9851342898767,
-2041.9829132774962,
-2042.9820459582857,
-2043.9791018222688,
-2044.9763429375098,
-2045.9735258309277,
-2046.9710720743026,
-2047.968405743647,
-2048.9658937651984,
-2049.9633584694093,
-2050.9609975529906,
-2051.9583083341486,
-2052.95561954446,
-2053.95288869773,
-2054.9507034481403,
-2055.947960155959,
-2056.945576351354,
-2057.94308468617,
-2058.9410278965265,
-2059.9381761715617,
-2060.935638586955,
-2061.933073536524,
-2062.930472580251,
-2063.92790509795,
-2064.925333038012,
-2065.9229282048855,
-2066.9206057692295,
-2067.9178011080976,
-2068.9152043003082,
-2069.9127064839245,
-2070.9102152478954,
-2071.907636035399,
-2072.9051918632017,
-2073.902764714094,
-2074.9008692861635,
-2075.898111259712,
-2076.89565535732,
-2077.8929433933426,
-2078.890551720923,
-2079.8875487908776,
-2080.8849712949955,
-2081.882476196584,
-2082.880089101802,
-2083.8771496864733,
-2084.8748638719153,
-2085.8722141351955,
-2086.869950350517,
-2087.867412050654,
-2088.864607961727,
-2089.8622948243965,
-2090.8602607798884,
-2091.8572964736577,
-2092.854737860529,
-2093.852140623586,
-2094.8496383726165,
-2095.846947580212,
-2096.844370513483,
-2097.84188256763,
-2098.8396822976683,
-2099.837152437824,
-2100.834489397346,
-2101.8319047489053,
-2102.82959218378,
-2103.826969054576,
-2104.8244100122934,
-2105.8221412208245,
-2106.8205207372334,
-2107.8177278062967,
-2108.8148211496855,
-2109.812405158568,
-2110.8100628388006,
-2111.8073111065996,
-2112.80487766324,
-2113.80249328643,
-2114.8000585556097,
-2115.7973860737548,
-2116.7947317593967,
-2117.792246960669,
-2118.789925955525,
-2119.7872405990647,
-2120.784739349453,
-2121.7821718671526,
-2122.7801571345517,
-2123.777217862274,
-2124.7746787041037,
-2125.772191330456,
-2126.7696377241177,
-2127.767043348198,
-2128.7645533996288,
-2129.7620229675795,
-2130.759801526046,
-2131.757073826441,
-2132.7546432441045,
-2133.75202369118,
-2134.7496501862584,
-2135.747012751938,
-2136.7446860247474,
-2137.7419385840817,
-2138.7402610230756,
-2139.7375247404,
-2140.734865848406,
-2141.7323359885613,
-2142.7299892342076,
-2143.72722190943,
-2144.724741545288,
-2145.7220650580007,
-2146.7197739505496,
-2147.71687001191,
-2148.7143970864286,
-2149.7117725267135,
-2150.709461535151,
-2151.706889189111,
-2152.704280651126,
-2153.701676547727,
-2154.699674832782,
-2155.696686350904,
-2156.6942008369206,
-2157.6917410721467,
-2158.689275442275,
-2159.6867555960125,
-2160.6842643599825,
-2161.681707606519,
-2162.679491887032,
-2163.676922688117,
-2164.67426479748,
-2165.6716516818587,
-2166.6694718682133,
-2167.666923983922,
-2168.6644783812135,
-2169.661960537667,
-2170.6615086390384,
-2171.658737308828,
-2172.656154520053,
-2173.653529674235,
-2174.6511156858337,
-2175.6484587965556,
-2176.6458943183297,
-2177.643313389219,
-2178.641149597305,
-2179.638336353103,
-2180.635726527658,
-2181.6331332961477,
-2182.630709151114,
-2183.628089884292,
-2184.6251752168146,
-2185.6227668074093,
-2186.6207773948645,
-2187.6179342529695,
-2188.6153427380727,
-2189.612861372573,
-2190.6104622614935,
-2191.6075513133464,
-2192.6050027137994,
-2193.6026732686364,
-2194.600635504798,
-2195.5978208300853,
-2196.595201706314,
-2197.5927073231583,
-2198.590307067669,
-2199.587712405647,
-2200.585084412704,
-2201.5825688579757,
-2202.5808582521504,
-2203.5780997965453,
-2204.575428316048,
-2205.572934362046,
-2206.57010581137,
-2207.567234488396,
-2208.564806910134,
-2209.562205095554,
-2210.5599900913226,
-2211.5573111721646,
-2212.5549197858477,
-2213.5525321188607,
-2214.550152748841,
-2215.5473592457006,
-2216.5449044877178,
-2217.5426841905933,
-2218.540448014789,
-2219.537343518417,
-2220.534930388323,
-2221.532518974843,
-2222.5302270090847,
-2223.5274821433404,
-2224.525123086586,
-2225.522602095914,
-2226.5206508780298,
-2227.5177971503495,
-2228.515140547173,
-2229.5125066891314,
-2230.5101622235966,
-2231.507417214801,
-2232.5048989421007,
-2233.5023891094193,
-2234.500642883854,
-2235.4980440733484,
-2236.495341121595,
-2237.4928823581795,
-2238.490294991767,
-2239.4877631292056,
-2240.485060177453,
-2241.4826028445486,
-2242.4804374790715,
-2243.477727946964,
-2244.474881944046,
-2245.472446927124,
-2246.469929655782,
-2247.467390783714,
-2248.464826305488,
-2249.4622748449174,
-2250.4600981783983,
-2251.4574500152407,
-2252.4547547882503,
-2253.451907211769,
-2254.4497275411754,
-2255.446843486648,
-2256.444372420832,
-2257.4418467094715,
-2258.439538006727,
-2259.43671789607,
-2260.434388593959,
-2261.431781343434,
-2262.4292768036457,
-2263.4269784005855,
-2264.4244269400147,
-2265.4219577338645,
-2266.4200937771907,
-2267.417341329734,
-2268.4146392362877,
-2269.4119912161814,
-2270.4095115672962,
-2271.406941367023,
-2272.4043871884805,
-2273.4019029619576,
-2274.399475669798,
-2275.3966458316618,
-2276.3941317074455,
-2277.3915012826324,
-2278.3894619452312,
-2279.38704795683,
-2280.38437733464,
-2281.381776235315,
-2282.3799825167634,
-2283.3773732635223,
-2284.374620816066,
-2285.372071930417,
-2286.3694055997616,
-2287.366840120177,
-2288.3644545989578,
-2289.3620632126404,
-2290.3597206067707,
-2291.3569339700857,
-2292.3543712084734,
-2293.3515558185045,
-2294.349087613712,
-2295.346622269943,
-2296.3442443304352,
-2297.3417186190745,
-2298.3418868472436,
-2299.3390786098335,
-2300.336564199515,
-2301.3340785424803,
-2302.331624356702,
-2303.3291531478344,
-2304.3265576275057,
-2305.3240180401826,
-2306.3220106031904,
-2307.319258584888,
-2308.316615428521,
-2309.3141014473554,
-2310.3117107762946,
-2311.3089908014526,
-2312.3067473300393,
-2313.30434707455,
-2314.3022878530364,
-2315.29936088316,
-2316.296691977583,
-2317.2941106193193,
-2318.2917961945286,
-2319.289107977045,
-2320.2865613802146,
-2321.2840516905844,
-2322.2817065097934,
-2323.278752217144,
-2324.276397022771,
-2325.2738126604336,
-2326.271436008386,
-2327.268783696745,
-2328.266319068231,
-2329.263823254564,
-2330.2619572951744,
-2331.2591358970567,
-2332.2563255138784,
-2333.2535979573245,
-2334.251105147732,
-2335.2488536654537,
-2336.2461877639516,
-2337.2437816433644,
-2338.2416704942784,
-2339.2388057516578,
-2340.2362095160734,
-2341.233574656674,
-2342.231277111921,
-2343.228645256596,
-2344.2263258250146,
-2345.2237610606862,
-2346.2216725136846,
-2347.2190808557366,
-2348.2162972231263,
-2349.213989378689,
-2350.211601282549,
-2351.208855129344,
-2352.206358028216,
-2353.203757071943,
-2354.2015207530876,
-2355.1990064858205,
-2356.196282791648,
-2357.1935156099216,
-2358.1912008990284,
-2359.1885644660665,
-2360.1861779434894,
-2361.183890126215,
-2362.182098982584,
-2363.1794955944415,
-2364.1766420098115,
-2365.1736862866505,
-2366.171415492465,
-2367.168512841286,
-2368.165837641458,
-2369.1634893135415,
-2370.161449117833,
-2371.1588121126665,
-2372.156199426198,
-2373.1536306564362,
-2374.151057165987,
-2375.1480930028074,
-2376.145692032062,
-2377.1433301142847,
-2378.1408976722832,
-2379.1382736847722,
-2380.135780159924,
-2381.1331249872596,
-2382.1305815375545,
-2383.128018203737,
-2384.1256365448994,
-2385.123212256814,
-2386.1208012724874,
-2387.118371262356,
-2388.1157153744357,
-2389.113166345735,
-2390.110681976161,
-2391.108420480301,
-2392.105808938242,
-2393.1033434514216,
-2394.1016349913634,
-2395.0988751052464,
-2396.0962156410474,
-2397.0937681786736,
-2398.091111575497,
-2399.0886203394675,
-2400.085958586449,
-2401.083457336838,
-2402.080991850017,
-2403.078538093392,
-2404.076011809827,
-2405.0732899753198,
-2406.0709164703985,
-2407.0683321080605,
-2408.0659757692783,
-2409.0634750918716,
-2410.0615051342847,
-2411.0587263654143,
-2412.056195075058,
-2413.0536403243113,
-2414.051093155276,
-2415.0482026634454,
-2416.0456057126053,
-2417.0430266431604,
-2418.040808491803,
-2419.038141588943,
-2420.03553090519,
-2421.032996467709,
-2422.030689481579,
-2423.028018716337,
-2424.025560811229,
-2425.023143818753,
-2426.023275711927,
-2427.0206321264063,
-2428.0179924032677,
-2429.015489293991,
-2430.0128090873723,
-2431.010230017928,
-2432.00769729706,
-2433.005239105849,
-2434.0028535846295,
-2435.0002730846727,
-2435.9979337689797,
-2436.9951282495413,
-2437.9927507391867,
-2438.989992998837,
-2439.9874601349184,
-2440.984914396395,
-2441.9827855089643,
-2442.9803326106467,
-2443.9775494071896,
-2444.9750833481644,
-2445.97268981608,
-2446.970217748906,
-2447.9674409827517,
-2448.9648888069255,
-2449.9628038362025,
-2450.960304732359,
-2451.957791180347,
-2452.954937309615,
-2453.9523944321145,
-2454.9496771752447,
-2455.9472072538383,
-2456.944730752078,
-2457.9429085663446,
-2458.9403578210304,
-2459.93765658589,
-2460.9349087160717,
-2461.932532922331,
-2462.929933825723,
-2463.9274932298053,
-2464.9249678045467,
-2465.922514334025,
-2466.9200249576597,
-2467.917848148089,
-2468.9151792425127,
-2469.9127563849393,
-2470.9100744617076,
-2471.907776058647,
-2472.9052260285885,
-2473.9029025915743,
-2474.9001977801554,
-2475.8976281520877,
-2476.8950995797036,
-2477.8926788678978,
-2478.890187774919,
-2479.887449632579,
-2480.884932504288,
-2481.8828628400397,
-2482.88000682354,
-2483.8774834009982,
-2484.8749558299724,
-2485.8726056423907,
-2486.86993130087,
-2487.8673170408383,
-2488.8646178084155,
-2489.862893183576,
-2490.860120279803,
-2491.857589704703,
-2492.8548901861773,
-2493.8526000800844,
-2494.8501251518874,
-2495.847427493027,
-2496.8449594312856,
-2497.842521410289,
-2498.8398300456793,
-2499.837074021944,
-2500.834829549173,
-2501.8324265757115,
-2502.8296057497982,
-2503.827053144819,
-2504.8246347218314,
-2505.8224705007638,
-2506.8201290393026,
-2507.817657258231,
-2508.815097929847,
-2509.812651039678,
-2510.810249925881,
-2511.8076021918773,
-2512.8050103908786,
-2513.802674222311,
-2514.799844384175,
-2515.797386336015,
-2516.794929718367,
-2517.7925300350817,
-2518.7900079,
-2519.7874481424624,
-2520.78465435322,
-2521.7829700688085,
-2522.7802674031573,
-2523.7780067656045,
-2524.7755172461884,
-2525.77289597665,
-2526.77040717249,
-2527.767659159619,
-2528.765357895536,
-2529.763082523713,
-2530.7602905941358,
-2531.757735700337,
-2532.755316419043,
-2533.752769822212,
-2534.750045841937,
-2535.7475121197117,
-2536.7449748212066,
-2537.7429862669687,
-2538.7400644469335,
-2539.7376079723363,
-2540.7351304692183,
-2541.7328260580093,
-2542.7301467096977,
-2543.727597537946,
-2544.725116744651,
-2545.7227342275064,
-2546.720014109613,
-2547.71777807686,
-2548.714984144566,
-2549.7124487057263,
-2550.7100756299587,
-2551.7076759466736,
-2552.7050827151634,
-2553.704026139262,
-2554.7012902857405,
-2555.6989222167635,
-2556.6963128204716,
-2557.6939799420807,
-2558.69137068884,
-2559.6887790308924,
-2560.6863601787522,
-2561.6841172795434,
-2562.6813294984495,
-2563.678827533582,
-2564.6761454672983,
-2565.6736028759005,
-2566.6709592903803,
-2567.668484934388,
-2568.666010578395,
-2569.663901288974,
-2570.6614471031958,
-2571.658904654849,
-2572.6562584944077,
-2573.6536634032323,
-2574.650951868409,
-2575.648357778592,
-2576.64598670554,
-2577.6437571100896,
-2578.641110663546,
-2579.6388553188863,
-2580.636154226798,
-2581.633715776648,
-2582.6311990775107,
-2583.628784803007,
-2584.626222327497,
-2585.6243416338375,
-2586.6217582728573,
-2587.619423534801,
-2588.616896679031,
-2589.614209462906,
-2590.611566020437,
-2591.6088974009626,
-2592.60647211152,
-2593.603990030764,
-2594.601536560241,
-2595.5992340086977,
-2596.596639489727,
-2597.59405283857,
-2598.5915299882327,
-2599.5890267359046,
-2600.586636207895,
-2601.5846064549214,
-2602.5819119431862,
-2603.579401395249,
-2604.576689288221,
-2605.5741034953717,
-2606.571511694373,
-2607.568976112482,
-2608.5664754350746,
-2609.5641195254466,
-2610.561399979758,
-2611.558900732863,
-2612.5563630052043,
-2613.5538511698064,
-2614.5514380397126,
-2615.549196427965,
-2616.5465994771243,
-2617.5450336390772,
-2618.542274468216,
-2619.5398394512936,
-2620.537356226129,
-2621.5348788660617,
-2622.532271329435,
-2623.529589692305,
-2624.5270262154368,
-2625.5247734456984,
-2626.522178211472,
-2627.5194756888714,
-2628.5170611282656,
-2629.514625825241,
-2630.5118998422504,
-2631.509292877828,
-2632.506834686617,
-2633.504895055877,
-2634.501787412379,
-2635.499473845896,
-2636.4969368334932,
-2637.4945461624316,
-2638.491853081209,
-2639.4892845975496,
-2640.486802945948,
-2641.4845420222928,
-2642.481917033424,
-2643.4793239449646,
-2644.476604256225,
-2645.474362501426,
-2646.4715554084246,
-2647.46895674097,
-2648.4662640889,
-2649.4645092802652,
-2650.461990721463,
-2651.4593973469014,
-2652.456901533234,
-2653.4542977159376,
-2654.4517614187907,
-2655.4491337119503,
-2656.446544628923,
-2657.444246082812,
-2658.441955690617,
-2659.4393252658037,
-2660.4366563602275,
-2661.434232501296,
-2662.4320140638365,
-2663.4294976508013,
-2664.426790264462,
-2665.4244895725833,
-2666.42198317313,
-2667.419596221399,
-2668.417076661238,
-2669.4143398063584,
-2670.4117856278162,
-2671.409421135118,
-2672.4067565210767,
-2673.4044352298297,
-2674.401905656088,
-2675.3995207070734,
-2676.397016310336,
-2677.3945817225667,
-2678.392001365661,
-2679.3890948521007,
-2680.386557553596,
-2681.3861580116936,
-2682.3837023954034,
-2683.381066677697,
-2684.3784504149494,
-2685.376027414325,
-2686.373594400119,
-2687.3710828508238,
-2688.3685489855466,
-2689.366271324905,
-2690.363446064406,
-2691.361152095932,
-2692.3586439798646,
-2693.356149167555,
-2694.3534879867416,
-2695.3508416832497,
-2696.348429697565,
-2697.346142309444,
-2698.3437906913505,
-2699.341174571654,
-2700.3386916325917,
-2701.3363418741633,
-2702.3337868373137,
-2703.3312702812277,
-2704.3285766278,
-2705.3261215837147,
-2706.3235938696375,
-2707.321020522239,
-2708.3185566089815,
-2709.316020025732,
-2710.313742937296,
-2711.3108844889266,
-2712.308606685234,
-2713.306825984338,
-2714.3041330461656,
-2715.3014215113426,
-2716.298856603963,
-2717.2963736649003,
-2718.2938496701536,
-2719.291010819794,
-2720.2887989626884,
-2721.286506710828,
-2722.2837621311855,
-2723.2811807729217,
-2724.2786919687614,
-2725.276263675244,
-2726.2738675682385,
-2727.2710414494322,
-2728.2686294637474,
-2729.2665741046153,
-2730.2641955929034,
-2731.2614987923503,
-2732.2587310384192,
-2733.2561825819234,
-2734.2536181036967,
-2735.2511523307744,
-2736.24876623735,
-2737.2464458044105,
-2738.243718820061,
-2739.2411633540582,
-2740.2385017440915,
-2741.2361820264077,
-2742.233889059292,
-2743.231182388208,
-2744.2284709964356,
-2745.226860669477,
-2746.224345830005,
-2747.2218275573046,
-2748.2192097209936,
-2749.216889145003,
-2750.2144269483597,
-2751.211678220234,
-2752.2089286338005,
-2753.2067548283044,
-2754.2042153840316,
-2755.201607704354,
-2756.199130201236,
-2757.1965760226935,
-2758.194191359781,
-2759.191297720825,
-2760.1888718591777,
-2761.186936376922,
-2762.1841996650933,
-2763.1814829804275,
-2764.1791087602505,
-2765.176797196483,
-2766.1742674796897,
-2767.171796270823,
-2768.169161554475,
-2769.166975875732,
-2770.1643933730593,
-2771.1618291809355,
-2772.1593964528315,
-2773.1568208166145,
-2774.1543391650125,
-2775.151715177502,
-2776.1492069183832,
-2777.1473669943057,
-2778.1447970801346,
-2779.142128889814,
-2780.139639656501,
-2781.137077467093,
-2782.1347422998833,
-2783.132062951572,
-2784.1296006118773,
-2785.1273449811156,
-2786.1247165590185,
-2787.1219123270403,
-2788.119419231345,
-2789.1168441673326,
-2790.1144645112113,
-2791.112002886772,
-2792.109115399017,
-2793.107004536033,
-2794.104476535854,
-2795.1021970155475,
-2796.0996007799627,
-2797.096923148265,
-2798.094425904086,
-2799.0919491162235,
-2800.089471327003,
-2801.0870971068257,
-2802.0845040183667,
-2803.0818159439345,
-2804.0793516015233,
-2805.0768749567123,
-2806.0740936129205,
-2807.071790918325,
-2808.069409974743,
-2809.06939366691,
-2810.066704877222,
-2811.064193470978,
-2812.0616002394677,
-2813.0592752288903,
-2814.0567369290275,
-2815.0543309514915,
-2816.051847869378,
-2817.0493725120273,
-2818.046751957744,
-2819.043938856594,
-2820.041397409606,
-2821.038978128311,
-2822.036263303311,
-2823.0336699287495,
-2824.031160096068,
-2825.028897026646,
-2826.026409796048,
-2827.023858192427,
-2828.021202304506,
-2829.018737962095,
-2830.0159966726296,
-2831.013591839503,
-2832.0111655487017,
-2833.0085784683915,
-2834.005949760192,
-2835.003411889483,
-2836.0011204959296,
-2836.998295092379,
-2837.9959138626946,
-2838.993327354589,
-2839.9908142317313,
-2840.988581346104,
-2841.9863410218168,
-2842.983683989487,
-2843.9812828756903,
-2844.978614399268,
-2845.9761257381588,
-2846.9733167854924,
-2847.970775910708,
-2848.9684823713874,
-2849.966185398839,
-2850.963701172316,
-2851.96116988196,
-2852.95861112578,
-2853.956111735834,
-2854.9535612766217,
-2855.9506473244005,
-2856.948669212898,
-2857.9462577994177,
-2858.9435648612452,
-2859.9410288502013,
-2860.938415734579,
-2861.9361220522073,
-2862.9335660139996,
-2863.9312219776175,
-2864.9286233101634,
-2865.926234212665,
-2866.92356916947,
-2867.9209360266846,
-2868.918398442077,
-2869.9157630104733,
-2870.9131131307017,
-2871.910545219248,
-2872.908845485311,
-2873.9063246376895,
-2874.903652871091,
-2875.9013282896667,
-2876.898721039143,
-2877.8960620040966,
-2878.893289243375,
-2879.8910253156455,
-2880.888463555391,
-2881.8859655959563,
-2882.8833300213014,
-2883.880763111205,
-2884.8783270929252,
-2885.87585245083,
-2886.8732853976826,
-2887.870747813075,
-2888.868591745924,
-2889.8658896524776,
-2890.8633825377683,
-2891.8607485366756,
-2892.8583980629915,
-2893.8558722085795,
-2894.853397566485,
-2895.850680595717,
-2896.8483687458474,
-2897.8459775025813,
-2898.8433515123543,
-2899.8407959033007,
-2900.8383527324618,
-2901.83579497764,
-2902.833146957534,
-2903.83042555218,
-2904.828571179935,
-2905.8261308701194,
-2906.8234243420866,
-2907.8208428407715,
-2908.8185739062515,
-2909.8163042564756,
-2910.813564969726,
-2911.8111898912416,
-2912.8087020884395,
-2913.806023598435,
-2914.8034395221994,
-2915.800829982856,
-2916.7985726354805,
-2917.7959944243426,
-2918.793281459007,
-2919.790690802418,
-2920.7886793599937,
-2921.786087702046,
-2922.783608768416,
-2923.7811803318473,
-2924.778329322139,
-2925.7759509534776,
-2926.773478314099,
-2927.7709041083936,
-2928.7683419189857,
-2929.766115613713,
-2930.763657708604,
-2931.760661358912,
-2932.7581170509,
-2933.755700201475,
-2934.7533139650004,
-2935.750535482232,
-2936.751156324286,
-2937.7487617908428,
-2938.7461581165976,
-2939.743808501221,
-2940.741093390118,
-2941.738392584132,
-2942.7359188003443,
-2943.7331951061715,
-2944.7307512200773,
-2945.728124228492,
-2946.725527849856,
-2947.722892561303,
-2948.72025226596,
-2949.7177089593065,
-2950.7149412053755,
-2951.712354125065,
-2952.7101980579137,
-2953.7078896412713,
-2954.7055523282947,
-2955.7030303362644,
-2956.700718057241,
-2957.698136412875,
-2958.6955736512627,
-2959.6930759779307,
-2960.690335832874,
-2961.687971912381,
-2962.685536752407,
-2963.6830224851396,
-2964.680391345071,
-2965.678184923909,
-2966.6754549354855,
-2967.6729891625628,
-2968.670710357512,
-2969.6684341273826,
-2970.6657155830517,
-2971.663269980343,
-2972.661193163537,
-2973.658468038853,
-2974.6558675117335,
-2975.65347655457,
-2976.651093322169,
-2977.6487113772287,
-2978.6461347396535,
-2979.643470983919,
-2980.6407540131513,
-2981.6380971238727,
-2982.635641793685,
-2983.632870463475,
-2984.6305091179024,
-2985.628204849744,
-2986.6257994444127,
-2987.623408344198,
-2988.620887496577,
-2989.61855390293,
-2990.615743376701,
-2991.6133930460683,
-2992.61072270998,
-2993.6079839954355,
-2994.6054386860656,
-2995.6029580358218,
-2996.600307011641,
-2997.5978282210617,
-2998.5952683204728,
-2999.592650627214,
-3000.5910877932415,
-3001.5887785182927,
-3002.5860292179614,
-3003.5833783368316,
-3004.581173775336,
-3005.5785994265793,
-3006.575947830194,
-3007.5737512795627,
-3008.571076222786,
-3009.568638487892,
-3010.5659275252733,
-3011.5635375694674,
-3012.5608038617133,
-3013.5585812757704,
-3014.5559843249303,
-3015.553309697307,
-3016.5509576500604,
-3017.548599451613,
-3018.545973604437,
-3019.5434112719786,
-3020.54082190285,
-3021.538360564513,
-3022.5357940835706,
-3023.5334374586864,
-3024.5307880080686,
-3025.528144851702,
-3026.5254881054743,
-3027.5229458001786,
-3028.520453419739,
-3029.5179510257185,
-3030.5152795452213,
-3031.512706626976,
-3032.5105602873036,
-3033.508218110587,
-3034.5054974204895,
-3035.502934515826,
-3036.5006458402445,
-3037.498286211286,
-3038.495483695922,
-3039.493101750982,
-3040.490747987121,
-3041.488212262179,
-3042.485812864996,
-3043.483389149116,
-3044.4808034993175,
-3045.4781337354343,
-3046.4752877325163,
-3047.472636422233,
-3048.4702277267247,
-3049.467853649599,
-3050.4653043347957,
-3051.462768895956,
-3052.460377795741,
-3053.457783992026,
-3054.455100209129,
-3055.4525733533587,
-3056.4500975668548,
-3057.4476983127233,
-3058.445048862105,
-3059.442466502484,
-3060.439861540778,
-3061.4373325392403,
-3062.4347657721955,
-3063.4322060146574,
-3064.4308231390505,
-3065.4287303005135,
-3066.4260395081087,
-3067.4235525636136,
-3068.4206915403233,
-3069.4186002753495,
-3070.4159529704993,
-3071.4131351486603,
-3072.410620881393,
-3073.4079855928403,
-3074.4054512984094,
-3075.40291099583,
-3076.4004387856053,
-3077.3978906152115,
-3078.395330285469,
-3079.392620753362,
-3080.3904173362753,
-3081.3881602750016,
-3082.38574256727,
-3083.383075807461,
-3084.380598447394,
-3085.3779482815203,
-3086.375392529415,
-3087.372958084697,
-3088.370175167343,
-3089.367656179387,
-3090.3651328998963,
-3091.362520213427,
-3092.360039563184,
-3093.3576241442706,
-3094.3549879974107,
-3095.3525805893632,
-3096.350706189955,
-3097.3480806288812,
-3098.345511143864,
-3099.3429442337683,
-3100.340686743341,
-3101.337999813318,
-3102.335317317881,
-3103.3329719940384,
-3104.3302372849266,
-3105.327873650536,
-3106.3254131705057,
-3107.3230109123,
-3108.3203285599143,
-3109.3180604837007,
-3110.3152503866254,
-3111.3124557390756,
-3112.3100891006097,
-3113.307802427745,
-3114.3052702790815,
-3115.302592218231,
-3116.3001225829266,
-3117.2973825809217,
-3118.2948425644445,
-3119.292159496803,
-3120.289839779119,
-3121.2874655589417,
-3122.284860311134,
-3123.2823803761457,
-3124.2797352170624,
-3125.277276453647,
-3126.274725994435,
-3127.272134479538,
-3128.270445188337,
-3129.2678945860735,
-3130.265141137259,
-3131.262683661304,
-3132.2602766824098,
-3133.257980568168,
-3134.2555385417386,
-3135.253031999234,
-3136.2505679429255,
-3137.24799988842,
-3138.245493059813,
-3139.243061905272,
-3140.2403276253135,
-3141.2378773019163,
-3142.235270766648,
-3143.232509163917,
-3144.230453375632,
-3145.227974442002,
-3146.225661161621,
-3147.222913864006,
-3148.22024009469,
-3149.2177614471625,
-3150.2149632233336,
-3151.212396313237,
-3152.210001350641,
-3153.2076697597104,
-3154.2051012760517,
-3155.2023652794796,
-3156.1994757890075,
-3157.1973079916606,
-3158.194309782303,
-3159.1917857875565,
-3160.1899265515717,
-3161.187339471261,
-3162.1850264769823,
-3163.1823528507175,
-3164.1797096943505,
-3165.1773389074015,
-3166.174591037582,
-3167.172163173218,
-3168.169695397579,
-3169.167078133473,
-3170.164478893814,
-3171.16217634227,
-3172.15926138869,
-3173.156977004644,
-3174.154200667643,
-3175.1516081513887,
-3176.1495649516064,
-3177.147050112134,
-3178.1445279770523,
-3179.142144458549,
-3180.1394370722096,
-3181.1366942091813,
-3182.1340673606474,
-3183.131484428821,
-3184.1290787373873,
-3185.1268050821786,
-3186.1239793925256,
-3187.121257987172,
-3188.118749441951,
-3189.1163654942943,
-3190.113834490041,
-3191.1110637320353,
-3192.1110883368356,
-3193.1087370048444,
-3194.106385386751,
-3195.103810608841,
-3196.101491606413,
-3197.0989417194055,
-3198.0963187332527,
-3199.09369445964,
-3200.091266309174,
-3201.089008103491,
-3202.0863615138956,
-3203.08373323485,
-3204.08102456105,
-3205.0786120031607,
-3206.0758762926907,
-3207.0735285369783,
-3208.071213253881,
-3209.0688629232477,
-3210.066164119978,
-3211.063703926051,
-3212.0613617493345,
-3213.058878095016,
-3214.05617485716,
-3215.0536315505065,
-3216.0512498916682,
-3217.048729759303,
-3218.0460132176886,
-3219.04364128633,
-3220.041066365369,
-3221.038262133391,
-3222.03552141613,
-3223.032967666741,
-3224.0309068716647,
-3225.028696874225,
-3226.0260378391786,
-3227.023531153623,
-3228.021091702114,
-3229.0186496756846,
-3230.016105510724,
-3231.013563062377,
-3232.0111899866088,
-3233.0088392268226,
-3234.0060819156265,
-3235.003536320154,
-3236.0010565282173,
-3236.9986585615466,
-3237.995872067913,
-3238.9930696956,
-3239.9905728805747,
-3240.9884304032835,
-3241.986000250101,
-3242.9834207515023,
-3243.98084568749,
-3244.978294369971,
-3245.9755008668303,
-3246.973120066299,
-3247.9704796279043,
-3248.968285509143,
-3249.965713020052,
-3250.9629366830513,
-3251.9603999567507,
-3252.958035321001,
-3253.955040830974,
-3254.9524621906835,
-3255.950623124912,
-3256.9483131347074,
-3257.945702307904,
-3258.943286173735,
-3259.9405139852183,
-3260.93827480534,
-3261.935710613216,
-3262.933066598542,
-3263.9306373036666,
-3264.928173390409,
-3265.925496473967,
-3266.9229670432765,
-3267.920442476325,
-3268.9178139111773,
-3269.915307654775,
-3270.9125899687515,
-3271.9104648006514,
-3272.907942379468,
-3273.9054182416694,
-3274.9028049829963,
-3275.900414025833,
-3276.897853553039,
-3277.895336138646,
-3278.892620026185,
-3279.890306745804,
-3280.8878270969185,
-3281.885128579751,
-3282.8823001721257,
-3283.8798432683757,
-3284.8774022433045,
-3285.874703869188,
-3286.872242816954,
-3287.8700671517927,
-3288.8680398306888,
-3289.8653068381914,
-3290.86260789187,
-3291.8599263977912,
-3292.8579216787716,
-3293.8553712195594,
-3294.852751523584,
-3295.850357705397,
-3296.8480105218896,
-3297.845296412145,
-3298.8424873164277,
-3299.840099935543,
-3300.8375765130017,
-3301.834974984524,
-3302.832376317069,
-3303.83021324041,
-3304.827947882169,
-3305.825253656537,
-3306.8228120592607,
-3307.8202131057037,
-3308.8178629181216,
-3309.8152007359504,
-3310.812427259973,
-3311.809682966433,
-3312.8074592360804,
-3313.8048190837876,
-3314.8024707558716,
-3315.7998353242674,
-3316.7974237677363,
-3317.7947530024944,
-3318.7919441928793,
-3319.7915931453217,
-3320.7892708527174,
-3321.7868585809297,
-3322.7841453294923,
-3323.781355545682,
-3324.778861448629,
-3325.7761567802613,
-3326.7735080448992,
-3327.7712346757926,
-3328.7688668929172,
-3329.766246052533,
-3330.7637556748095,
-3331.7611334039134,
-3332.758800382471,
-3333.7558151907697,
-3334.753329962889,
-3335.750823134282,
-3336.7486085592036,
-3337.746153229016,
-3338.7434964827885,
-3339.7409488846,
-3340.73858539326,
-3341.7357711477007,
-3342.7334660212355,
-3343.7312305606874,
-3344.7285466347394,
-3345.725836387376,
-3346.7230866578916,
-3347.720660510142,
-3348.7182791374057,
-3349.7153578895754,
-3350.7128151551265,
-3351.710830320219,
-3352.7086902747974,
-3353.706122935548,
-3354.703685486756,
-3355.701045477515,
-3356.6986452220253,
-3357.695613824798,
-3358.6933683506686,
-3359.690981255887,
-3360.68867713078,
-3361.6860864741902,
-3362.6833840946415,
-3363.680845508676,
-3364.678431663326,
-3365.675728282419,
-3366.673127469197,
-3367.6709116066586,
-3368.6686917386874,
-3369.666016395809,
-3370.663699396098,
-3371.661040074949,
-3372.658493192016,
-3373.6556636399814,
-3374.6530736986483,
-3375.65076199183,
-3376.6483245430377,
-3377.6455187374972,
-3378.642886882172,
-3379.6404897738084,
-3380.6381800697063,
-3381.6353934330214,
-3382.632759002776,
-3383.6308685816366,
-3384.6283976588725,
-3385.6259882481086,
-3386.623244812875,
-3387.6206922078954,
-3388.618336155216,
-3389.615750934571,
-3390.612959004993,
-3391.610431863121,
-3392.608152199763,
-3393.6055562502806,
-3394.6031200889493,
-3395.6004888058287,
-3396.5984201429387,
-3397.5957573885626,
-3398.5930324069295,
-3399.590753458828,
-3400.5884069905765,
-3401.585762975903,
-3402.5834873179774,
-3403.5806281543523,
-3404.5783391926693,
-3405.575724360433,
-3406.5733869044047,
-3407.5708543265882,
-3408.568315883674,
-3409.5656082112323,
-3410.5633671716887,
-3411.56048912531,
-3412.5577481219466,
-3413.5551400131153,
-3414.552681392751,
-3415.550527757469,
-3416.5484117446435,
-3417.545692198955,
-3418.542960923071,
-3419.5407989908217,
-3420.5382844374517,
-3421.5355325622,
-3422.5329019943356,
-3423.5304149067892,
-3424.5281242284923,
-3425.525180950782,
-3426.5226538089096,
-3427.520060148246,
-3428.5175567528668,
-3429.5146860020977,
-3430.5121467008767,
-3431.509757031173,
-3432.507611692859,
-3433.5048333531417,
-3434.5023345354,
-3435.4997235655455,
-3436.4975499031,
-3437.4946651333166,
-3438.4921241154816,
-3439.489682947359,
-3440.4872951373213,
-3441.484634814815,
-3442.4819036819817,
-3443.4792463635495,
-3444.4770674082124,
-3445.4741723387447,
-3446.4715778197738,
-3447.4722254123953,
-3448.4699486100612,
-3449.467386706756,
-3450.4651366549892,
-3451.4625871971352,
-3452.4603543115086,
-3453.4576927015414,
-3454.454955131406,
-3455.452508956493,
-3456.4501510441482,
-3457.447387009547,
-3458.445172863623,
-3459.4425142577306,
-3460.4400842475993,
-3461.437414626767,
-3462.434998349547,
-3463.4324511805116,
-3464.4302770889135,
-3465.4276742729753,
-3466.425513914289,
-3467.4226521757423,
-3468.4202142977965,
-3469.4175544044438,
-3470.4150179642456,
-3471.412183548472,
-3472.4099199068446,
-3473.407093215834,
-3474.404481816826,
-3475.401784301017,
-3476.399287485991,
-3477.3967640634487,
-3478.394063114412,
-3479.39202120209,
-3480.3898419606494,
-3481.387080357919,
-3482.384826872924,
-3483.3820528247415,
-3484.3797034954673,
-3485.376872083768,
-3486.374436208538,
-3487.372054263598,
-3488.3697263919976,
-3489.3672288617167,
-3490.3648434835486,
-3491.362152118939,
-3492.359467906888,
-3493.356716746892,
-3494.354162997504,
-3495.351809376694,
-3496.349544304555,
-3497.3468858417136,
-3498.344500320494,
-3499.3418607404064,
-3500.3395905184257,
-3501.3367937251082,
-3502.33493048369,
-3503.3331449190546,
-3504.330824915269,
-3505.328266874345,
-3506.3258756310793,
-3507.3230796960684,
-3508.320819201567,
-3509.318240990429,
-3510.3158604760006,
-3511.3139401571675,
-3512.3114366187374,
-3513.3090044628384,
-3514.306504643739,
-3515.303888380991,
-3516.301463234599,
-3517.298985874532,
-3518.2963485832624,
-3519.293957339997,
-3520.2916450609737,
-3521.28889175521,
-3522.286461315925,
-3523.2836701016026,
-3524.2811843015174,
-3525.278411540796,
-3526.275791558717,
-3527.273333939711,
-3528.271078595051,
-3529.268716391172,
-3530.2660885412797,
-3531.2635286406908,
-3532.260909230817,
-3533.2583779404613,
-3534.255889851557,
-3535.253257424027,
-3536.250775486323,
-3537.2486288605483,
-3538.2458891446454,
-3539.243324952522,
-3540.241050152904,
-3541.238044647937,
-3542.2352457088523,
-3543.2334372560304,
-3544.230977634308,
-3545.2284590755053,
-3546.226127341524,
-3547.2237090615877,
-3548.2209832216477,
-3549.218152382153,
-3550.215421821525,
-3551.212849332434,
-3552.210677386603,
-3553.2080036172865,
-3554.2053633219434,
-3555.202775240275,
-3556.2003319263854,
-3557.197768449517,
-3558.1950092786556,
-3559.192451952988,
-3560.190265415938,
-3561.1876587376187,
-3562.1852317315615,
-3563.1826596716232,
-3564.180086324225,
-3565.1774496051607,
-3566.1749419182465,
-3567.1724792924497,
-3568.1699012243625,
-3569.167347331923,
-3570.1647513824405,
-3571.162104506743,
-3572.1593257378727,
-3573.1567735620465,
-3574.1542326872627,
-3575.152756685347,
-3576.150547689265,
-3577.148127549663,
-3578.1456966812243,
-3579.1431466511663,
-3580.141167538305,
-3581.1383946345322,
-3582.135629312471,
-3583.132866851433,
-3584.1308453954275,
-3585.128289643322,
-3586.1256522090016,
-3587.1232552436895,
-3588.120746984571,
-3589.1183121106997,
-3590.115626754239,
-3591.1131739989723,
-3592.110859717233,
-3593.1084956536884,
-3594.105813587405,
-3595.103097188842,
-3596.100712955083,
-3597.0980503437577,
-3598.095359694404,
-3599.0930544248886,
-3600.0906258452683,
-3601.088092409145,
-3602.085632215217,
-3603.0828405717416,
-3604.0805591917706,
-3605.0778891417845,
-3606.074883779869,
-3607.0724823799706,
-3608.07055734045,
-3609.0681696734628,
-3610.065610774232,
-3611.062950165623,
-3612.06048682457,
-3613.057949239963,
-3614.055464727338,
-3615.0527986827847,
-3616.050543481176,
-3617.0474827584603,
-3618.045177488944,
-3619.0423290541567,
-3620.040372829482,
-3621.037527255717,
-3622.0347853940466,
-3623.0323583879895,
-3624.030063847311,
-3625.027606514407,
-3626.0250928193436,
-3627.0226804045055,
-3628.020146110075,
-3629.0173703452792,
-3630.0147728222337,
-3631.012059427745,
-3632.0099059355143,
-3633.0070706614338,
-3634.004494309961,
-3635.0021382572813,
-3635.999736285178,
-3636.996803307152,
-3637.9936524622026,
-3638.991793798422,
-3639.9897620427323,
-3640.987156937975,
-3641.9849154692783,
-3642.9824505546626,
-3643.9796637749273,
-3644.977233478693,
-3645.974859544618,
-3646.972093650352,
-3647.9698663437202,
-3648.967267104061,
-3649.9647506910264,
-3650.961974067923,
-3651.9596496295508,
-3652.9570492454823,
-3653.9542786305283,
-3654.951785534833,
-3655.949627035812,
-3656.947177141568,
-3657.944678037724,
-3658.942064922102,
-3659.9397693800647,
-3660.9368378325507,
-3661.9343717735255,
-3662.931890837179,
-3663.929575554082,
-3664.92695142352,
-3665.9244225650336,
-3666.9217154647963,
-3667.9193249367863,
-3668.9165251393947,
-3669.9138349191944,
-3670.911622203782,
-3671.9093173634187,
-3672.9067114003547,
-3673.9041044359333,
-3674.90171605369,
-3675.899595034074,
-3676.8969737645357,
-3677.8942888372285,
-3678.891710626091,
-3679.889317094006,
-3680.887274180325,
-3681.884551916665,
-3682.881653986174,
-3683.879191217326,
-3684.8765798183176,
-3685.873928221932,
-3686.8713006581424,
-3687.869207247401,
-3688.866724022236,
-3689.8640320854224,
-3690.86129122511,
-3691.8589576314635,
-3692.8560794420337,
-3693.853623682692,
-3694.8510780872202,
-3695.84896150219,
-3696.846417623331,
-3697.84356632752,
-3698.8408234644917,
-3699.838519625487,
-3700.835632423834,
-3701.83275008592,
-3702.832507614196,
-3703.8302236593036,
-3704.827670052966,
-3705.8251436263495,
-3706.8228359249633,
-3707.8205415273355,
-3708.817759754391,
-3709.8152716654863,
-3710.8126469627196,
-3711.8104504120884,
-3712.8078455934337,
-3713.805530310336,
-3714.8025810244776,
-3715.800286483798,
-3716.7975098606953,
-3717.7949272149713,
-3718.792670582851,
-3719.7907100666416,
-3720.788188932918,
-3721.7855676633794,
-3722.78293638026,
-3723.7806997753023,
-3724.778289363181,
-3725.775630614237,
-3726.7729365316554,
-3727.7705355609105,
-3728.767817588785,
-3729.765092607152,
-3730.7620300247704,
-3731.759638352351,
-3732.7570595690086,
-3733.7543211405664,
-3734.752288812672,
-3735.749958938355,
-3736.7472931799043,
-3737.7448726111506,
-3738.7423593452404,
-3739.739904015053,
-3740.7370654507954,
-3741.7345986765145,
-3742.732175818942,
-3743.73010458113,
-3744.727079764257,
-3745.7245616346077,
-3746.722133198039,
-3747.719678583107,
-3748.716992940544,
-3749.714245213777,
-3750.7116152181165,
-3751.7095059286958,
-3752.7070992359045,
-3753.704484403668,
-3754.701913631191,
-3755.6996399759814,
-3756.6969684954847,
-3757.6941941612004,
-3758.691376911566,
-3759.689314256825,
-3760.6867098673233,
-3761.684135232465,
-3762.681127724782,
-3763.67892001616,
-3764.676093897354,
-3765.673378070995,
-3766.6715601767974,
-3767.6693433129008,
-3768.6666958649985,
-3769.6643110590358,
-3770.6617168261664,
-3771.659318859496,
-3772.657013160827,
-3773.6541914766062,
-3774.65144632476,
-3775.649425584009,
-3776.6468024548053,
-3777.6440454297126,
-3778.6415400316164,
-3779.639210729505,
-3780.6363065047626,
-3781.633817271449,
-3782.631424883774,
-3783.629215601589,
-3784.6267446788247,
-3785.6241395740676,
-3786.6213317658107,
-3787.6189668439592,
-3788.6165043612127,
-3789.614155031938,
-3790.611478115496,
-3791.609081293235,
-3792.6064462907857,
-3793.6037055735237,
-3794.6007954836846,
-3795.598531842056,
-3796.595749067754,
-3797.592838691812,
-3798.5906902063716,
-3799.5884985194803,
-3800.5860627873017,
-3801.583886120783,
-3802.581244394928,
-3803.57872397646,
-3804.5761225910333,
-3805.5735745636903,
-3806.570997353911,
-3807.568881484138,
-3808.5660369117304,
-3809.5635435299328,
-3810.5610611630746,
-3811.5583848188385,
-3812.5557975954775,
-3813.5530332747735,
-3814.550447195822,
-3815.548322027721,
-3816.545836370687,
-3817.543304794229,
-3818.540507714809,
-3819.5383353398247,
-3820.5356080693728,
-3821.5329045454155,
-3822.530127493159,
-3823.528061119087,
-3824.525402084041,
-3825.522918715825,
-3826.5202817106583,
-3827.5177494189447,
-3828.514918436398,
-3829.5119248046785,
-3830.511667312582,
-3831.5095371376915,
-3832.5070170053264,
-3833.504639351921,
-3834.501948273414,
-3835.4996913551918,
-3836.4968400593802,
-3837.494600450349,
-3838.4917142500535,
-3839.489578925321,
-3840.4870304688247,
-3841.4846669774856,
-3842.4819853403555,
-3843.4795302962702,
-3844.4768364997913,
-3845.4742851822716,
-3846.471789797758,
-3847.4697245680964,
-3848.46710115279,
-3849.464551265782,
-3850.462038285975,
-3851.4596484732215,
-3852.45703793252,
-3853.454290205752,
-3854.451900536049,
-3855.4495878278717,
-3856.446919208398,
-3857.444441276127,
-3858.4414300491135,
-3859.439191727542,
-3860.436539988105,
-3861.433888248669,
-3862.431544069236,
-3863.429809287764,
-3864.4271275075826,
-3865.4244311361826,
-3866.421828606347,
-3867.419536068385,
-3868.4172247907195,
-3869.414343311112,
-3870.411716319527,
-3871.409417916467,
-3872.407076455007,
-3873.404515982213,
-3874.401897716749,
-3875.3993385314147,
-3876.396309279956,
-3877.3937704078885,
-3878.391311072267,
-3879.3891069399247,
-3880.386495254814,
-3881.384335039179,
-3882.381652114589,
-3883.3796649908622,
-3884.3768076869023,
-3885.3742372005263,
-3886.371373602316,
-3887.369124551908,
-3888.366635747747,
-3889.363770003768,
-3890.3612381412067,
-3891.3587200115585,
-3892.3558777279713,
-3893.352949184531,
-3894.3512464465202,
-3895.3488825260256,
-3896.346412318517,
-3897.3440518312523,
-3898.341700785363,
-3899.339291803753,
-3900.336582414696,
-3901.33393310713,
-3902.331389514374,
-3903.329409543205,
-3904.3268874081245,
-3905.323985615252,
-3906.3214580442263,
-3907.3189942740205,
-3908.3159411330157,
-3909.313538588707,
-3910.310469855126,
-3911.308696878993,
-3912.306394613552,
-3913.3036430244024,
-3914.3009397865467,
-3915.2988967298143,
-3916.29650319773,
-3917.2936694972127,
-3918.29094952237,
-3919.2886312351984,
-3920.285672078809,
-3921.283127341643,
-3922.2802371359157,
-3923.277545628255,
-3924.2747722953286,
-3925.2719182815454,
-3926.2699478948057,
-3927.268011268141,
-3928.2651559668966,
-3929.2628542736597,
-3930.260027153495,
-3931.258410389234,
-3932.2557916946166,
-3933.2527225318822,
-3934.2502217114243,
-3935.248160344143,
-3936.245537071888,
-3937.2427492907946,
-3938.2399517822205,
-3939.23759186716,
-3940.23457978184,
-3941.2320556440422,
-3942.22946212643,
-3943.227461985047,
-3944.2247660428015,
-3945.222305276669,
-3946.2197021746288,
-3947.21734869687,
-3948.214475800333,
-3949.2117814316493,
-3950.2093206655168,
-3951.2071701773616,
-3952.20431516222,
-3953.201540970986,
-3954.1986288784306,
-3955.1963410611556,
-3956.1930896512376,
-3957.190827010969,
-3958.1905479181464,
-3959.1883537993854,
-3960.185755274982,
-3961.183320687213,
-3962.180853626831,
-3963.1786902640692,
-3964.176066848763,
-3965.173428985289,
-3966.1706490720094,
-3967.1684612475,
-3968.1660253722694,
-3969.1634212688714,
-3970.1607283306994,
-3971.1579837510567,
-3972.155299109853,
-3973.1529433432747,
-3974.1504707038966,
-3975.1483632741406,
-3976.145732277123,
-3977.1432110003493,
-3978.140390174435,
-3979.1379282638945,
-3980.1351580780934,
-3981.132218376663,
-3982.1298754846907,
-3983.1275218638807,
-3984.1247326522753,
-3985.1224597123214,
-3986.1195998334406,
-3987.117266812,
-3988.113952173466,
-3989.111114610567,
-3990.1086369643967,
-3991.1066073544753,
-3992.104560721465,
-3993.102442992025,
-3994.1000189900424,
-3995.097667085846,
-3996.094858991487,
-3997.0922337165166,
-3998.089673672876,
-3999.087332354466,
-4000.084914646735,
-4001.0822476008234,
-4002.0796862697234,
-4003.0771608444647,
-4004.0743451683934,
-4005.0716668214395,
-4006.069097193372,
-4007.066615827873,
-4008.064245470076,
-4009.0618206097865,
-4010.0589581559843,
-4011.056706101502,
-4012.0539044444454,
-4013.0510108054887,
-4014.0483361778665,
-4015.0462409074594,
-4016.0436423830565,
-4017.0411148120306,
-4018.038622717693,
-4019.0361447854216,
-4020.0332447091632,
-4021.030231336383,
-4022.0284374747807,
-4023.026349786085,
-4024.024035933499,
-4025.0217313792386,
-4026.0190401576806,
-4027.016748048872,
-4028.013967134233,
-4029.011709214653,
-4030.0090533267326,
-4031.0065321930088,
-4032.003829241256,
-4033.001231146006,
-4033.99875392899,
-4034.9967706676443,
-4035.993987464188,
-4036.991399239469,
-4037.988364122911,
-4038.985992477655,
-4039.983439729624,
-4040.981032607679,
-4041.978473136244,
-4042.9760488481575,
-4043.9731853929984,
-4044.970201631808,
-4045.9677587470724,
-4046.9660830457315,
-4047.963224168208,
-4048.960382742928,
-4049.957765764924,
-4050.9557835049372,
-4051.952990144848,
-4052.949978488681,
-4053.9478413042834,
-4054.9459145481487,
-4055.9428365162416,
-4056.9403957772734,
-4057.9379098341356,
-4058.9351252001675,
-4059.9324308314835,
-4060.9305123723166,
-4061.928139010446,
-4062.926006832839,
-4063.922843399387,
-4064.920369186445,
-4065.9176257512127,
-4066.9155264753736,
-4067.9119773759817,
-4068.909350384397,
-4069.906888044701,
-4070.9046686058846,
-4071.9020191552668,
-4072.899128520385,
-4073.8969917651407,
-4074.8943923824295,
-4075.8914769996977,
-4076.888996063352,
-4077.8866222723277,
-4078.8842835288388,
-4079.881859956009,
-4080.878459915931,
-4081.8760942788244,
-4082.873683008395,
-4083.8712710227105,
-4084.8678922972554,
